{"edges": [[0, 1], [2, 1], [3, 1], [1, 0], [4, 0], [5, 0], [2, 0], [0, 4], [6, 4], [7, 4], [8, 4], [9, 10], [7, 10], [11, 10], [12, 13], [14, 13], [9, 13], [13, 12], [15, 12], [14, 12], [16, 12], [17, 12], [18, 19], [15, 19], [20, 19], [16, 19], [19, 18], [21, 18], [16, 18], [22, 18], [23, 24], [25, 24], [21, 24], [24, 23], [26, 23], [27, 23], [21, 23], [28, 23], [22, 23], [29, 30], [27, 30], [28, 30], [30, 29], [31, 29], [27, 29], [32, 29], [28, 29], [33, 34], [35, 34], [31, 34], [32, 34], [34, 33], [36, 33], [35, 33], [37, 33], [33, 36], [35, 36], [37, 36], [6, 38], [2, 38], [3, 38], [4, 6], [38, 6], [5, 6], [2, 6], [3, 6], [0, 5], [6, 5], [7, 5], [8, 5], [9, 39], [11, 39], [8, 39], [12, 15], [19, 15], [14, 15], [11, 15], [13, 14], [12, 14], [15, 14], [20, 14], [16, 14], [17, 14], [19, 20], [14, 20], [22, 20], [17, 20], [23, 26], [25, 26], [22, 26], [24, 25], [26, 25], [28, 25], [40, 41], [42, 41], [27, 41], [28, 41], [41, 40], [42, 40], [32, 40], [41, 42], [40, 42], [43, 42], [35, 42], [31, 42], [37, 42], [32, 42], [42, 43], [44, 43], [35, 43], [37, 43], [43, 44], [35, 44], [37, 44], [1, 2], [0, 2], [38, 2], [6, 2], [34, 35], [33, 35], [36, 35], [42, 35], [43, 35], [44, 35], [29, 31], [34, 31], [42, 31], [23, 27], [30, 27], [29, 27], [41, 27], [18, 21], [24, 21], [23, 21], [12, 16], [19, 16], [18, 16], [14, 16], [10, 9], [13, 9], [39, 9], [4, 7], [10, 7], [5, 7], [8, 7], [1, 3], [38, 3], [6, 3], [33, 37], [36, 37], [42, 37], [43, 37], [44, 37], [29, 32], [34, 32], [40, 32], [42, 32], [23, 28], [30, 28], [29, 28], [25, 28], [41, 28], [18, 22], [23, 22], [20, 22], [26, 22], [12, 17], [14, 17], [20, 17], [10, 11], [39, 11], [15, 11], [4, 8], [5, 8], [39, 8], [7, 8]], "labels": {"0": "1", "1": "1", "2": "2", "3": "2", "4": "1", "5": "1", "6": "1", "7": "2", "8": "2", "9": "2", "10": "1", "11": "2", "12": "1", "13": "1", "14": "1", "15": "1", "16": "2", "17": "2", "18": "1", "19": "1", "20": "1", "21": "2", "22": "2", "23": "1", "24": "1", "25": "1", "26": "1", "27": "2", "28": "2", "29": "1", "30": "1", "31": "2", "32": "2", "33": "1", "34": "1", "35": "2", "36": "1", "37": "2", "38": "1", "39": "1", "40": "1", "41": "1", "42": "1", "43": "1", "44": "1"}, "target": 5}