{"edges": [[0, 1], [2, 1], [3, 1], [1, 0], [4, 0], [5, 0], [2, 0], [0, 4], [6, 4], [7, 4], [8, 4], [9, 10], [7, 10], [11, 10], [12, 13], [9, 13], [14, 13], [11, 13], [15, 16], [12, 16], [17, 16], [14, 16], [18, 19], [20, 19], [21, 19], [15, 19], [19, 18], [22, 18], [23, 18], [15, 18], [24, 18], [17, 18], [25, 26], [23, 26], [24, 26], [26, 25], [27, 25], [23, 25], [28, 25], [24, 25], [29, 30], [31, 30], [27, 30], [28, 30], [30, 29], [32, 29], [31, 29], [33, 29], [29, 32], [31, 32], [33, 32], [6, 34], [2, 34], [3, 34], [4, 6], [34, 6], [5, 6], [2, 6], [3, 6], [0, 5], [6, 5], [7, 5], [8, 5], [9, 35], [11, 35], [8, 35], [20, 36], [12, 36], [9, 36], [14, 36], [11, 36], [19, 20], [36, 20], [17, 20], [14, 20], [18, 22], [21, 22], [17, 22], [19, 21], [22, 21], [24, 21], [37, 38], [39, 38], [23, 38], [24, 38], [38, 37], [39, 37], [28, 37], [38, 39], [37, 39], [40, 39], [27, 39], [33, 39], [28, 39], [39, 40], [41, 40], [31, 40], [33, 40], [40, 41], [31, 41], [33, 41], [1, 2], [0, 2], [34, 2], [6, 2], [30, 31], [29, 31], [32, 31], [40, 31], [41, 31], [25, 27], [30, 27], [39, 27], [18, 23], [26, 23], [25, 23], [38, 23], [16, 15], [19, 15], [18, 15], [13, 12], [16, 12], [36, 12], [10, 9], [13, 9], [35, 9], [36, 9], [4, 7], [10, 7], [5, 7], [8, 7], [1, 3], [34, 3], [6, 3], [29, 33], [32, 33], [39, 33], [40, 33], [41, 33], [25, 28], [30, 28], [37, 28], [39, 28], [18, 24], [26, 24], [25, 24], [21, 24], [38, 24], [16, 17], [18, 17], [20, 17], [22, 17], [13, 14], [16, 14], [36, 14], [20, 14], [10, 11], [13, 11], [35, 11], [36, 11], [4, 8], [5, 8], [35, 8], [7, 8]], "labels": {"0": "1", "1": "1", "2": "2", "3": "2", "4": "1", "5": "1", "6": "1", "7": "2", "8": "2", "9": "2", "10": "1", "11": "2", "12": "2", "13": "1", "14": "2", "15": "2", "16": "1", "17": "2", "18": "1", "19": "1", "20": "1", "21": "1", "22": "1", "23": "2", "24": "2", "25": "1", "26": "1", "27": "2", "28": "2", "29": "1", "30": "1", "31": "2", "32": "1", "33": "2", "34": "1", "35": "1", "36": "1", "37": "1", "38": "1", "39": "1", "40": "1", "41": "1"}, "target": 5}