{"edges": [[0, 1], [2, 1], [1, 0], [2, 0], [3, 0], [4, 0], [5, 0], [6, 7], [8, 7], [9, 7], [10, 7], [7, 6], [11, 6], [9, 6], [2, 12], [13, 12], [14, 12], [15, 12], [16, 12], [1, 2], [0, 2], [12, 2], [5, 2], [17, 2], [7, 8], [11, 8], [9, 8], [18, 8], [19, 8], [6, 11], [8, 11], [9, 11], [19, 11], [7, 9], [6, 9], [8, 9], [11, 9], [20, 21], [15, 21], [21, 20], [13, 20], [14, 20], [22, 20], [23, 24], [25, 24], [26, 24], [27, 24], [0, 3], [28, 3], [29, 3], [7, 10], [25, 10], [19, 10], [26, 10], [14, 30], [4, 30], [16, 30], [17, 30], [12, 13], [20, 13], [14, 13], [15, 13], [12, 14], [20, 14], [30, 14], [13, 14], [15, 14], [24, 23], [28, 23], [31, 23], [27, 23], [3, 28], [23, 28], [5, 28], [29, 28], [24, 25], [10, 25], [31, 25], [18, 25], [26, 25], [0, 4], [30, 4], [16, 4], [17, 4], [20, 22], [15, 22], [12, 15], [21, 15], [13, 15], [14, 15], [22, 15], [23, 31], [25, 31], [26, 31], [27, 31], [0, 5], [2, 5], [28, 5], [29, 5], [8, 18], [25, 18], [19, 18], [26, 18], [12, 16], [30, 16], [4, 16], [17, 16], [8, 19], [11, 19], [10, 19], [18, 19], [2, 17], [30, 17], [4, 17], [16, 17], [24, 26], [10, 26], [25, 26], [31, 26], [18, 26], [3, 29], [28, 29], [5, 29], [27, 29], [24, 27], [23, 27], [31, 27], [29, 27]], "labels": {"0": "1", "1": "1", "2": "1", "3": "2", "4": "2", "5": "2", "6": "1", "7": "1", "8": "1", "9": "1", "10": "2", "11": "1", "12": "1", "13": "2", "14": "2", "15": "2", "16": "2", "17": "2", "18": "2", "19": "2", "20": "2", "21": "2", "22": "2", "23": "2", "24": "2", "25": "2", "26": "2", "27": "2", "28": "2", "29": "2", "30": "2", "31": "2"}, "target": 5}