{"edges": [[0, 1], [2, 1], [3, 1], [4, 5], [6, 5], [7, 5], [5, 4], [6, 4], [8, 4], [5, 6], [4, 6], [9, 6], [1, 0], [2, 0], [3, 0], [10, 0], [11, 12], [13, 12], [7, 12], [14, 12], [4, 8], [15, 8], [9, 8], [7, 8], [14, 8], [8, 15], [9, 15], [7, 15], [6, 9], [8, 9], [15, 9], [16, 17], [18, 17], [19, 17], [17, 16], [20, 16], [21, 16], [18, 16], [19, 16], [22, 23], [24, 23], [25, 23], [26, 23], [27, 23], [28, 29], [30, 29], [31, 29], [32, 29], [12, 11], [13, 11], [25, 11], [7, 11], [27, 11], [14, 11], [3, 33], [10, 33], [31, 33], [34, 33], [1, 2], [0, 2], [20, 2], [21, 2], [3, 2], [16, 20], [2, 20], [21, 20], [3, 20], [18, 20], [16, 21], [2, 21], [20, 21], [3, 21], [18, 21], [1, 3], [0, 3], [33, 3], [2, 3], [20, 3], [21, 3], [0, 10], [33, 10], [31, 10], [34, 10], [12, 13], [11, 13], [25, 13], [27, 13], [29, 28], [30, 28], [32, 28], [34, 28], [23, 22], [24, 22], [25, 22], [26, 22], [27, 22], [17, 18], [16, 18], [20, 18], [21, 18], [19, 18], [17, 19], [16, 19], [18, 19], [23, 24], [22, 24], [30, 24], [29, 30], [28, 30], [24, 30], [23, 25], [11, 25], [13, 25], [22, 25], [29, 31], [33, 31], [10, 31], [5, 7], [12, 7], [8, 7], [15, 7], [11, 7], [14, 7], [23, 26], [22, 26], [32, 26], [29, 32], [28, 32], [26, 32], [23, 27], [11, 27], [13, 27], [22, 27], [33, 34], [10, 34], [28, 34], [12, 14], [8, 14], [11, 14], [7, 14]], "labels": {"0": "1", "1": "1", "2": "2", "3": "2", "4": "1", "5": "1", "6": "1", "7": "2", "8": "1", "9": "1", "10": "2", "11": "2", "12": "1", "13": "2", "14": "2", "15": "1", "16": "2", "17": "2", "18": "2", "19": "2", "20": "2", "21": "2", "22": "2", "23": "2", "24": "2", "25": "2", "26": "2", "27": "2", "28": "2", "29": "2", "30": "2", "31": "2", "32": "2", "33": "2", "34": "2"}, "target": 5}