{"edges": [[0, 1], [2, 1], [3, 1], [1, 0], [4, 0], [5, 0], [2, 0], [3, 0], [0, 4], [6, 4], [7, 4], [5, 4], [8, 4], [4, 6], [7, 6], [8, 6], [4, 7], [6, 7], [9, 7], [8, 7], [10, 7], [7, 9], [11, 9], [10, 9], [9, 11], [10, 11], [12, 11], [13, 11], [14, 15], [13, 15], [16, 15], [15, 14], [17, 14], [18, 14], [16, 14], [19, 14], [17, 20], [21, 20], [22, 20], [23, 24], [21, 24], [25, 24], [24, 23], [21, 23], [25, 23], [0, 5], [4, 5], [8, 5], [1, 2], [0, 2], [3, 2], [1, 3], [0, 3], [2, 3], [4, 8], [6, 8], [7, 8], [5, 8], [7, 10], [9, 10], [11, 10], [11, 12], [13, 12], [16, 12], [14, 17], [20, 17], [18, 17], [22, 17], [11, 13], [15, 13], [12, 13], [16, 13], [14, 18], [17, 18], [16, 18], [19, 18], [15, 16], [14, 16], [12, 16], [13, 16], [18, 16], [19, 16], [20, 21], [24, 21], [23, 21], [22, 21], [25, 21], [20, 22], [17, 22], [21, 22], [25, 22], [14, 19], [18, 19], [16, 19], [24, 25], [23, 25], [21, 25], [22, 25]], "labels": {"0": "1", "1": "1", "2": "2", "3": "2", "4": "1", "5": "2", "6": "1", "7": "1", "8": "2", "9": "1", "10": "2", "11": "1", "12": "2", "13": "2", "14": "1", "15": "1", "16": "2", "17": "2", "18": "2", "19": "2", "20": "1", "21": "2", "22": "2", "23": "1", "24": "1", "25": "2"}, "target": 5}