{"edges": [[0, 1], [2, 1], [3, 1], [4, 1], [5, 6], [0, 6], [7, 6], [3, 6], [8, 9], [5, 9], [10, 9], [7, 9], [11, 9], [12, 13], [14, 13], [15, 13], [10, 13], [13, 12], [16, 12], [17, 12], [18, 19], [20, 19], [16, 19], [17, 19], [19, 18], [21, 18], [22, 18], [23, 24], [25, 24], [26, 24], [27, 28], [29, 28], [30, 28], [31, 28], [32, 28], [29, 33], [34, 33], [35, 33], [36, 33], [37, 38], [39, 38], [40, 38], [41, 38], [38, 37], [39, 37], [40, 37], [41, 37], [8, 42], [2, 42], [3, 42], [4, 42], [9, 8], [42, 8], [14, 8], [7, 8], [3, 8], [13, 14], [8, 14], [15, 14], [7, 14], [11, 14], [13, 15], [14, 15], [11, 15], [17, 15], [18, 21], [20, 21], [17, 21], [19, 20], [21, 20], [43, 20], [28, 27], [44, 27], [45, 27], [26, 27], [27, 44], [46, 44], [47, 44], [32, 44], [44, 46], [48, 46], [49, 46], [36, 46], [46, 48], [39, 48], [41, 48], [38, 39], [37, 39], [48, 39], [6, 5], [9, 5], [10, 5], [11, 5], [1, 0], [6, 0], [2, 0], [4, 0], [1, 2], [42, 2], [0, 2], [9, 10], [13, 10], [5, 10], [12, 16], [19, 16], [18, 22], [23, 22], [45, 22], [28, 29], [33, 29], [35, 29], [36, 29], [24, 23], [22, 23], [43, 23], [28, 30], [31, 30], [50, 30], [24, 25], [31, 25], [50, 25], [33, 34], [40, 34], [41, 34], [33, 35], [29, 35], [47, 35], [28, 31], [30, 31], [25, 31], [32, 31], [26, 31], [38, 40], [37, 40], [34, 40], [49, 40], [41, 40], [6, 7], [9, 7], [8, 7], [14, 7], [1, 3], [6, 3], [42, 3], [8, 3], [1, 4], [42, 4], [0, 4], [9, 11], [14, 11], [15, 11], [5, 11], [12, 17], [19, 17], [15, 17], [21, 17], [20, 43], [23, 43], [45, 43], [44, 47], [35, 47], [36, 47], [27, 45], [22, 45], [43, 45], [28, 32], [44, 32], [31, 32], [50, 32], [24, 26], [27, 26], [31, 26], [50, 26], [46, 49], [40, 49], [41, 49], [33, 36], [46, 36], [29, 36], [47, 36], [30, 50], [25, 50], [32, 50], [26, 50], [38, 41], [37, 41], [48, 41], [34, 41], [40, 41], [49, 41]], "labels": {"0": "2", "1": "1", "2": "2", "3": "2", "4": "2", "5": "2", "6": "1", "7": "2", "8": "1", "9": "1", "10": "2", "11": "2", "12": "1", "13": "1", "14": "1", "15": "1", "16": "2", "17": "2", "18": "1", "19": "1", "20": "1", "21": "1", "22": "2", "23": "2", "24": "1", "25": "2", "26": "2", "27": "1", "28": "1", "29": "2", "30": "2", "31": "2", "32": "2", "33": "1", "34": "2", "35": "2", "36": "2", "37": "1", "38": "1", "39": "1", "40": "2", "41": "2", "42": "1", "43": "2", "44": "1", "45": "2", "46": "1", "47": "2", "48": "1", "49": "2", "50": "2"}, "target": 5}