{"edges": [[0, 1], [2, 1], [3, 1], [1, 0], [4, 0], [5, 0], [2, 0], [0, 4], [6, 4], [7, 4], [5, 4], [8, 4], [4, 6], [7, 6], [8, 6], [4, 7], [6, 7], [9, 7], [8, 7], [10, 7], [7, 9], [11, 9], [10, 9], [9, 11], [10, 11], [12, 11], [12, 13], [14, 13], [15, 13], [16, 17], [18, 17], [19, 17], [20, 21], [16, 21], [22, 21], [23, 21], [20, 24], [22, 24], [23, 24], [21, 20], [24, 20], [22, 20], [0, 5], [4, 5], [2, 5], [3, 5], [8, 5], [1, 2], [0, 2], [5, 2], [3, 2], [1, 3], [5, 3], [2, 3], [4, 8], [6, 8], [7, 8], [5, 8], [10, 8], [7, 10], [9, 10], [11, 10], [8, 10], [11, 12], [13, 12], [14, 12], [17, 16], [21, 16], [18, 16], [19, 16], [23, 16], [13, 14], [12, 14], [15, 14], [17, 18], [16, 18], [15, 18], [19, 18], [13, 15], [14, 15], [18, 15], [19, 15], [21, 22], [24, 22], [20, 22], [23, 22], [17, 19], [16, 19], [18, 19], [15, 19], [21, 23], [24, 23], [16, 23], [22, 23]], "labels": {"0": "1", "1": "1", "2": "2", "3": "2", "4": "1", "5": "2", "6": "1", "7": "1", "8": "2", "9": "1", "10": "2", "11": "1", "12": "2", "13": "1", "14": "2", "15": "2", "16": "2", "17": "1", "18": "2", "19": "2", "20": "1", "21": "1", "22": "2", "23": "2", "24": "1"}, "target": 5}