{"edges": [[0, 1], [2, 1], [3, 1], [4, 1], [5, 6], [7, 6], [8, 6], [9, 10], [11, 10], [12, 10], [13, 10], [14, 15], [9, 15], [13, 15], [15, 14], [9, 14], [16, 14], [17, 18], [19, 18], [20, 18], [21, 22], [23, 22], [24, 22], [25, 26], [27, 26], [28, 26], [29, 26], [25, 30], [31, 30], [32, 30], [33, 34], [31, 34], [35, 34], [36, 34], [34, 33], [35, 33], [36, 33], [26, 25], [30, 25], [29, 25], [37, 38], [20, 38], [23, 38], [16, 39], [40, 39], [41, 39], [17, 39], [10, 9], [15, 9], [14, 9], [13, 9], [1, 0], [2, 0], [3, 0], [6, 5], [4, 5], [7, 5], [10, 11], [8, 11], [12, 11], [38, 37], [20, 37], [23, 37], [26, 27], [28, 27], [29, 27], [22, 21], [24, 21], [28, 21], [30, 31], [34, 31], [32, 31], [35, 31], [1, 2], [0, 2], [3, 2], [1, 3], [0, 3], [2, 3], [4, 3], [1, 4], [5, 4], [3, 4], [7, 4], [6, 7], [5, 7], [4, 7], [6, 8], [11, 8], [12, 8], [10, 12], [11, 12], [8, 12], [13, 12], [10, 13], [15, 13], [9, 13], [12, 13], [14, 16], [39, 16], [40, 16], [41, 16], [39, 40], [16, 40], [41, 40], [17, 40], [39, 41], [16, 41], [40, 41], [17, 41], [19, 41], [18, 17], [39, 17], [40, 17], [41, 17], [19, 17], [18, 19], [41, 19], [17, 19], [18, 20], [38, 20], [37, 20], [23, 20], [22, 23], [38, 23], [37, 23], [20, 23], [22, 24], [21, 24], [28, 24], [26, 28], [27, 28], [21, 28], [24, 28], [26, 29], [25, 29], [27, 29], [30, 32], [31, 32], [35, 32], [34, 35], [33, 35], [31, 35], [32, 35], [36, 35], [34, 36], [33, 36], [35, 36]], "labels": {"0": "2", "1": "1", "2": "3", "3": "3", "4": "3", "5": "2", "6": "1", "7": "3", "8": "3", "9": "2", "10": "1", "11": "2", "12": "3", "13": "3", "14": "1", "15": "1", "16": "3", "17": "3", "18": "1", "19": "3", "20": "3", "21": "2", "22": "1", "23": "3", "24": "3", "25": "2", "26": "1", "27": "2", "28": "3", "29": "3", "30": "1", "31": "2", "32": "3", "33": "1", "34": "1", "35": "3", "36": "3", "37": "2", "38": "2", "39": "2", "40": "3", "41": "3"}, "target": 5}