{"edges": [[0, 1], [2, 1], [3, 1], [4, 5], [6, 5], [7, 5], [5, 4], [0, 4], [6, 4], [7, 4], [8, 4], [1, 0], [4, 0], [2, 0], [7, 0], [8, 0], [3, 0], [1, 2], [0, 2], [8, 2], [3, 2], [5, 6], [4, 6], [9, 6], [10, 6], [5, 7], [4, 7], [0, 7], [8, 7], [4, 8], [0, 8], [2, 8], [7, 8], [3, 8], [1, 3], [0, 3], [2, 3], [8, 3], [10, 11], [12, 11], [13, 11], [6, 9], [10, 9], [12, 9], [6, 10], [11, 10], [9, 10], [12, 10], [13, 10], [11, 12], [9, 12], [10, 12], [13, 12], [11, 13], [10, 13], [12, 13]], "labels": {"0": "2", "1": "1", "2": "2", "3": "2", "4": "2", "5": "1", "6": "2", "7": "2", "8": "2", "9": "2", "10": "2", "11": "2", "12": "2", "13": "2"}, "target": 6}