{"edges": [[0, 1], [2, 1], [3, 1], [4, 1], [1, 0], [3, 0], [5, 0], [6, 0], [7, 8], [9, 8], [1, 2], [4, 2], [10, 2], [11, 2], [11, 12], [13, 12], [8, 7], [14, 7], [15, 7], [16, 7], [9, 7], [17, 7], [18, 7], [7, 14], [16, 14], [3, 14], [17, 14], [4, 14], [19, 14], [7, 15], [9, 15], [18, 15], [4, 20], [10, 20], [6, 20], [13, 20], [11, 21], [13, 21], [7, 16], [14, 16], [9, 16], [17, 16], [18, 16], [19, 16], [1, 3], [0, 3], [14, 3], [4, 3], [19, 3], [8, 9], [7, 9], [15, 9], [16, 9], [7, 17], [14, 17], [16, 17], [18, 17], [1, 4], [2, 4], [14, 4], [20, 4], [3, 4], [10, 4], [2, 10], [20, 10], [4, 10], [2, 11], [12, 11], [21, 11], [5, 11], [6, 11], [13, 11], [7, 18], [15, 18], [16, 18], [17, 18], [19, 18], [14, 19], [16, 19], [3, 19], [18, 19], [0, 5], [11, 5], [6, 5], [0, 6], [20, 6], [11, 6], [5, 6], [12, 13], [20, 13], [21, 13], [11, 13]], "labels": {"0": "1", "1": "1", "2": "2", "3": "2", "4": "3", "5": "3", "6": "3", "7": "2", "8": "2", "9": "3", "10": "3", "11": "3", "12": "2", "13": "3", "14": "2", "15": "2", "16": "2", "17": "3", "18": "3", "19": "3", "20": "2", "21": "2"}, "target": 5}