{"edges": [[0, 1], [2, 1], [3, 1], [4, 1], [5, 6], [7, 6], [8, 6], [9, 10], [11, 10], [12, 13], [14, 13], [11, 13], [15, 13], [0, 16], [17, 16], [18, 16], [1, 0], [16, 0], [19, 0], [8, 0], [20, 21], [22, 21], [23, 21], [24, 21], [21, 20], [25, 20], [24, 20], [26, 20], [27, 28], [29, 28], [20, 25], [22, 25], [30, 25], [31, 25], [21, 22], [25, 22], [31, 22], [32, 22], [33, 34], [35, 34], [36, 37], [38, 37], [39, 37], [37, 36], [40, 36], [39, 36], [41, 36], [42, 43], [44, 43], [45, 46], [47, 46], [48, 46], [46, 45], [40, 45], [48, 45], [49, 45], [16, 17], [7, 17], [8, 17], [50, 17], [51, 17], [9, 52], [53, 52], [54, 52], [13, 12], [11, 12], [54, 12], [55, 12], [7, 56], [8, 56], [57, 56], [58, 56], [9, 59], [60, 59], [61, 59], [13, 14], [11, 14], [61, 14], [62, 14], [63, 64], [65, 64], [40, 66], [67, 66], [68, 66], [36, 40], [45, 40], [66, 40], [68, 40], [69, 40], [6, 5], [70, 5], [5, 70], [71, 70], [10, 9], [52, 9], [59, 9], [71, 9], [70, 71], [9, 71], [10, 11], [13, 11], [12, 11], [14, 11], [6, 7], [17, 7], [56, 7], [72, 7], [29, 7], [35, 7], [51, 7], [65, 7], [7, 72], [13, 15], [26, 15], [32, 15], [41, 15], [49, 15], [62, 15], [69, 15], [0, 19], [73, 19], [19, 73], [74, 73], [21, 23], [74, 23], [73, 74], [23, 74], [21, 24], [20, 24], [6, 8], [0, 8], [17, 8], [56, 8], [18, 8], [29, 8], [35, 8], [51, 8], [65, 8], [16, 18], [8, 18], [20, 26], [15, 26], [55, 26], [69, 26], [28, 27], [75, 27], [27, 75], [76, 75], [25, 30], [76, 30], [75, 76], [30, 76], [25, 31], [22, 31], [28, 29], [7, 29], [8, 29], [2, 29], [44, 29], [58, 29], [1, 2], [29, 2], [22, 32], [15, 32], [55, 32], [69, 32], [34, 33], [77, 33], [33, 77], [78, 77], [37, 38], [78, 38], [77, 78], [38, 78], [37, 39], [36, 39], [34, 35], [7, 35], [8, 35], [3, 35], [1, 3], [35, 3], [36, 41], [15, 41], [43, 42], [79, 42], [42, 79], [80, 79], [46, 47], [80, 47], [79, 80], [47, 80], [46, 48], [45, 48], [43, 44], [29, 44], [81, 44], [44, 81], [45, 49], [15, 49], [17, 50], [82, 50], [50, 82], [83, 82], [52, 53], [83, 53], [82, 83], [53, 83], [52, 54], [12, 54], [17, 51], [7, 51], [8, 51], [4, 51], [1, 4], [51, 4], [12, 55], [26, 55], [32, 55], [56, 57], [84, 57], [57, 84], [85, 84], [59, 60], [85, 60], [84, 85], [60, 85], [59, 61], [14, 61], [56, 58], [29, 58], [86, 58], [58, 86], [14, 62], [15, 62], [64, 63], [87, 63], [63, 87], [88, 87], [66, 67], [88, 67], [87, 88], [67, 88], [66, 68], [40, 68], [64, 65], [7, 65], [8, 65], [89, 65], [65, 89], [40, 69], [15, 69], [26, 69], [32, 69]], "labels": {"0": "1", "1": "1", "2": "2", "3": "2", "4": "2", "5": "2", "6": "1", "7": "2", "8": "2", "9": "2", "10": "1", "11": "2", "12": "1", "13": "1", "14": "1", "15": "2", "16": "1", "17": "1", "18": "2", "19": "2", "20": "1", "21": "1", "22": "1", "23": "2", "24": "2", "25": "1", "26": "2", "27": "2", "28": "1", "29": "2", "30": "2", "31": "2", "32": "2", "33": "2", "34": "1", "35": "2", "36": "1", "37": "1", "38": "2", "39": "2", "40": "1", "41": "2", "42": "2", "43": "1", "44": "2", "45": "1", "46": "1", "47": "2", "48": "2", "49": "2", "50": "2", "51": "2", "52": "1", "53": "2", "54": "2", "55": "2", "56": "1", "57": "2", "58": "2", "59": "1", "60": "2", "61": "2", "62": "2", "63": "2", "64": "1", "65": "2", "66": "1", "67": "2", "68": "2", "69": "2", "70": "2", "71": "2", "72": "2", "73": "2", "74": "2", "75": "2", "76": "2", "77": "2", "78": "2", "79": "2", "80": "2", "81": "2", "82": "2", "83": "2", "84": "2", "85": "2", "86": "2", "87": "2", "88": "2", "89": "2"}, "target": 5}