{"edges": [[0, 1], [2, 1], [3, 1], [4, 5], [6, 5], [7, 5], [8, 5], [5, 4], [6, 4], [8, 4], [5, 6], [4, 6], [7, 6], [8, 6], [9, 10], [11, 10], [12, 10], [13, 10], [2, 10], [3, 10], [10, 9], [11, 9], [12, 9], [3, 9], [5, 7], [6, 7], [11, 7], [8, 7], [10, 11], [9, 11], [7, 11], [8, 11], [5, 8], [4, 8], [6, 8], [7, 8], [11, 8], [10, 12], [9, 12], [13, 12], [0, 12], [2, 12], [10, 13], [12, 13], [0, 13], [2, 13], [1, 0], [12, 0], [13, 0], [2, 0], [3, 0], [1, 2], [10, 2], [12, 2], [13, 2], [0, 2], [3, 2], [1, 3], [10, 3], [9, 3], [0, 3], [2, 3]], "labels": {"0": "3", "1": "1", "2": "3", "3": "3", "4": "1", "5": "1", "6": "2", "7": "2", "8": "2", "9": "2", "10": "2", "11": "2", "12": "2", "13": "2"}, "target": 5}