{"edges": [[0, 1], [2, 1], [3, 1], [4, 5], [6, 5], [7, 5], [3, 5], [5, 4], [8, 4], [7, 4], [3, 4], [4, 8], [6, 8], [9, 8], [7, 8], [10, 11], [9, 11], [12, 11], [13, 11], [2, 11], [3, 11], [11, 10], [9, 10], [12, 10], [13, 10], [3, 10], [5, 6], [8, 6], [9, 6], [7, 6], [8, 9], [11, 9], [10, 9], [6, 9], [7, 9], [5, 7], [4, 7], [8, 7], [6, 7], [9, 7], [11, 12], [10, 12], [13, 12], [0, 12], [2, 12], [11, 13], [10, 13], [12, 13], [0, 13], [1, 0], [12, 0], [13, 0], [2, 0], [3, 0], [1, 2], [11, 2], [12, 2], [0, 2], [3, 2], [1, 3], [5, 3], [4, 3], [11, 3], [10, 3], [0, 3], [2, 3]], "labels": {"0": "3", "1": "1", "2": "3", "3": "3", "4": "1", "5": "1", "6": "2", "7": "2", "8": "2", "9": "2", "10": "2", "11": "2", "12": "2", "13": "2"}, "target": 5}