{"edges": [[0, 1], [2, 1], [3, 1], [4, 1], [1, 0], [5, 0], [6, 0], [7, 0], [8, 0], [9, 10], [11, 12], [3, 12], [13, 14], [15, 16], [17, 16], [18, 16], [19, 20], [5, 20], [18, 20], [10, 9], [21, 9], [12, 11], [4, 11], [14, 13], [4, 13], [16, 15], [22, 15], [21, 15], [20, 19], [5, 19], [2, 19], [23, 24], [25, 26], [8, 26], [27, 28], [8, 28], [15, 22], [17, 22], [29, 22], [5, 30], [29, 30], [24, 23], [31, 23], [26, 25], [7, 25], [28, 27], [16, 17], [22, 17], [31, 17], [0, 5], [20, 5], [19, 5], [30, 5], [9, 21], [15, 21], [18, 21], [29, 21], [16, 18], [20, 18], [21, 18], [31, 18], [1, 2], [19, 2], [3, 2], [4, 2], [7, 2], [1, 3], [12, 3], [2, 3], [1, 4], [11, 4], [13, 4], [2, 4], [8, 4], [23, 31], [17, 31], [18, 31], [29, 31], [22, 29], [30, 29], [21, 29], [31, 29], [0, 6], [7, 6], [8, 6], [0, 7], [25, 7], [2, 7], [6, 7], [0, 8], [26, 8], [28, 8], [4, 8], [6, 8]], "labels": {"0": "1", "1": "1", "2": "3", "3": "3", "4": "3", "5": "2", "6": "3", "7": "3", "8": "3", "9": "2", "10": "2", "11": "2", "12": "2", "13": "2", "14": "2", "15": "2", "16": "2", "17": "2", "18": "3", "19": "2", "20": "2", "21": "3", "22": "2", "23": "2", "24": "2", "25": "2", "26": "2", "27": "2", "28": "2", "29": "3", "30": "2", "31": "3"}, "target": 5}