{"edges": [[0, 1], [2, 1], [1, 0], [3, 0], [4, 0], [5, 0], [6, 0], [7, 0], [0, 3], [2, 3], [5, 3], [8, 3], [9, 3], [0, 4], [2, 4], [10, 4], [11, 4], [1, 2], [3, 2], [4, 2], [5, 2], [12, 2], [11, 2], [0, 5], [3, 5], [2, 5], [13, 5], [14, 5], [15, 16], [0, 6], [8, 6], [9, 17], [15, 18], [19, 18], [20, 18], [19, 21], [7, 21], [11, 21], [16, 15], [18, 15], [3, 8], [6, 8], [3, 9], [17, 9], [18, 19], [21, 19], [22, 19], [0, 7], [21, 7], [11, 7], [22, 23], [24, 23], [2, 12], [13, 12], [14, 25], [19, 22], [23, 22], [20, 22], [4, 10], [20, 10], [11, 10], [23, 24], [5, 13], [12, 13], [5, 14], [25, 14], [18, 20], [22, 20], [10, 20], [4, 11], [2, 11], [21, 11], [7, 11], [10, 11]], "labels": {"0": "1", "1": "1", "2": "1", "3": "1", "4": "1", "5": "1", "6": "2", "7": "2", "8": "2", "9": "2", "10": "2", "11": "2", "12": "2", "13": "2", "14": "2", "15": "2", "16": "2", "17": "2", "18": "2", "19": "2", "20": "2", "21": "2", "22": "2", "23": "2", "24": "2", "25": "2"}, "target": 5}