{"edges": [[0, 1], [2, 1], [3, 1], [4, 5], [0, 5], [6, 5], [7, 5], [5, 4], [6, 4], [7, 4], [8, 9], [10, 9], [11, 9], [9, 8], [10, 8], [11, 8], [9, 10], [8, 10], [11, 10], [9, 11], [8, 11], [10, 11], [1, 0], [5, 0], [7, 0], [2, 0], [3, 0], [12, 13], [2, 13], [3, 13], [5, 6], [4, 6], [7, 6], [5, 7], [4, 7], [0, 7], [6, 7], [13, 12], [2, 12], [3, 12], [1, 2], [0, 2], [13, 2], [12, 2], [3, 2], [1, 3], [0, 3], [13, 3], [12, 3], [2, 3]], "labels": {"0": "2", "1": "1", "2": "2", "3": "2", "4": "1", "5": "1", "6": "2", "7": "2", "8": "1", "9": "1", "10": "1", "11": "1", "12": "2", "13": "2"}, "target": 5}