{"edges": [[0, 1], [2, 1], [3, 1], [4, 5], [6, 5], [7, 5], [8, 9], [10, 9], [11, 9], [2, 9], [3, 9], [12, 9], [9, 8], [11, 8], [12, 8], [5, 4], [13, 4], [6, 4], [14, 4], [7, 4], [15, 4], [4, 13], [0, 13], [15, 13], [5, 6], [4, 6], [7, 6], [9, 10], [2, 10], [3, 10], [12, 10], [9, 11], [8, 11], [12, 11], [4, 14], [7, 14], [15, 14], [1, 0], [13, 0], [15, 0], [2, 0], [5, 7], [4, 7], [6, 7], [14, 7], [15, 7], [4, 15], [13, 15], [14, 15], [0, 15], [7, 15], [1, 2], [9, 2], [10, 2], [0, 2], [3, 2], [1, 3], [9, 3], [10, 3], [2, 3], [9, 12], [8, 12], [10, 12], [11, 12]], "labels": {"0": "2", "1": "1", "2": "3", "3": "3", "4": "2", "5": "2", "6": "2", "7": "3", "8": "2", "9": "2", "10": "2", "11": "2", "12": "3", "13": "2", "14": "2", "15": "3"}, "target": 5}