{"edges": [[0, 1], [2, 1], [3, 1], [4, 5], [6, 5], [7, 5], [8, 5], [9, 5], [10, 11], [12, 13], [2, 13], [3, 13], [14, 15], [16, 17], [18, 17], [19, 17], [6, 17], [0, 20], [4, 20], [6, 20], [11, 10], [19, 10], [13, 12], [21, 12], [15, 14], [21, 14], [17, 16], [22, 16], [19, 16], [1, 0], [20, 0], [4, 0], [2, 0], [23, 24], [25, 26], [27, 26], [28, 29], [27, 29], [16, 22], [18, 22], [19, 22], [30, 22], [4, 31], [30, 31], [24, 23], [7, 23], [26, 25], [9, 25], [29, 28], [17, 18], [22, 18], [7, 18], [5, 4], [20, 4], [0, 4], [31, 4], [17, 19], [10, 19], [16, 19], [22, 19], [30, 19], [5, 6], [17, 6], [20, 6], [7, 6], [1, 2], [13, 2], [0, 2], [3, 2], [1, 3], [13, 3], [2, 3], [21, 3], [27, 3], [12, 21], [14, 21], [3, 21], [9, 21], [27, 21], [5, 7], [23, 7], [18, 7], [6, 7], [30, 7], [22, 30], [31, 30], [19, 30], [7, 30], [5, 8], [9, 8], [27, 8], [5, 9], [25, 9], [21, 9], [8, 9], [27, 9], [26, 27], [29, 27], [3, 27], [21, 27], [8, 27], [9, 27]], "labels": {"0": "2", "1": "1", "2": "3", "3": "3", "4": "2", "5": "1", "6": "3", "7": "3", "8": "3", "9": "3", "10": "2", "11": "2", "12": "2", "13": "2", "14": "2", "15": "2", "16": "2", "17": "2", "18": "2", "19": "3", "20": "2", "21": "3", "22": "2", "23": "2", "24": "2", "25": "2", "26": "2", "27": "3", "28": "2", "29": "2", "30": "3", "31": "2"}, "target": 5}