{"edges": [[0, 1], [2, 1], [3, 1], [1, 0], [4, 0], [2, 0], [3, 0], [0, 4], [5, 4], [6, 4], [2, 4], [4, 5], [6, 5], [7, 5], [8, 9], [10, 9], [11, 9], [9, 8], [12, 8], [13, 8], [14, 8], [8, 12], [15, 12], [16, 12], [17, 12], [12, 15], [16, 15], [17, 15], [12, 16], [15, 16], [18, 16], [19, 20], [18, 20], [21, 20], [22, 20], [20, 19], [23, 19], [22, 19], [24, 25], [23, 25], [26, 25], [25, 24], [23, 24], [26, 24], [27, 28], [26, 28], [29, 28], [28, 27], [30, 27], [29, 27], [31, 27], [27, 30], [32, 30], [31, 30], [30, 32], [33, 32], [31, 32], [32, 33], [34, 33], [35, 33], [33, 34], [35, 34], [36, 34], [33, 35], [34, 35], [36, 35], [37, 35], [34, 36], [35, 36], [37, 36], [38, 36], [35, 37], [36, 37], [38, 37], [39, 37], [40, 37], [36, 38], [37, 38], [39, 38], [40, 38], [37, 39], [38, 39], [40, 39], [37, 40], [38, 40], [39, 40], [4, 6], [5, 6], [7, 6], [1, 2], [0, 2], [4, 2], [3, 2], [1, 3], [0, 3], [2, 3], [19, 23], [25, 23], [24, 23], [25, 26], [24, 26], [28, 26], [29, 26], [9, 10], [7, 10], [13, 10], [11, 10], [5, 7], [6, 7], [10, 7], [11, 7], [12, 17], [15, 17], [13, 17], [14, 17], [16, 18], [20, 18], [21, 18], [22, 18], [8, 13], [10, 13], [17, 13], [11, 13], [14, 13], [9, 11], [10, 11], [7, 11], [13, 11], [14, 11], [8, 14], [17, 14], [13, 14], [11, 14], [20, 21], [18, 21], [22, 21], [20, 22], [19, 22], [18, 22], [21, 22], [28, 29], [27, 29], [26, 29], [27, 31], [30, 31], [32, 31]], "labels": {"0": "1", "1": "1", "2": "2", "3": "2", "4": "1", "5": "1", "6": "2", "7": "2", "8": "1", "9": "1", "10": "2", "11": "2", "12": "1", "13": "2", "14": "2", "15": "1", "16": "1", "17": "2", "18": "2", "19": "1", "20": "1", "21": "2", "22": "2", "23": "2", "24": "1", "25": "1", "26": "2", "27": "1", "28": "1", "29": "2", "30": "1", "31": "2", "32": "1", "33": "1", "34": "1", "35": "1", "36": "1", "37": "1", "38": "1", "39": "1", "40": "1"}, "target": 6}