{"edges": [[0, 1], [2, 1], [3, 1], [1, 0], [2, 0], [4, 0], [5, 0], [6, 7], [8, 7], [9, 7], [1, 2], [0, 2], [4, 2], [5, 2], [10, 2], [3, 2], [0, 4], [2, 4], [5, 4], [10, 4], [7, 6], [11, 6], [8, 6], [9, 6], [3, 6], [6, 11], [9, 11], [3, 11], [7, 8], [6, 8], [9, 8], [0, 5], [2, 5], [4, 5], [10, 5], [3, 5], [2, 10], [4, 10], [5, 10], [7, 9], [6, 9], [11, 9], [8, 9], [1, 3], [2, 3], [6, 3], [11, 3], [5, 3]], "labels": {"0": "1", "1": "1", "2": "2", "3": "2", "4": "2", "5": "2", "6": "2", "7": "2", "8": "2", "9": "2", "10": "2", "11": "2"}, "target": 5}