{"edges": [[0, 1], [2, 1], [3, 1], [4, 5], [6, 5], [7, 5], [8, 5], [9, 5], [5, 4], [10, 4], [11, 4], [12, 4], [8, 4], [13, 14], [15, 14], [16, 14], [17, 14], [18, 14], [19, 20], [21, 20], [22, 20], [10, 20], [23, 20], [24, 20], [20, 19], [11, 19], [24, 19], [25, 19], [1, 0], [2, 0], [26, 0], [18, 0], [27, 0], [1, 2], [0, 2], [13, 2], [15, 2], [14, 13], [2, 13], [28, 13], [29, 13], [13, 28], [21, 28], [3, 28], [20, 21], [28, 21], [22, 21], [10, 21], [20, 22], [21, 22], [10, 22], [4, 10], [20, 10], [21, 10], [22, 10], [11, 10], [14, 15], [2, 15], [16, 15], [3, 15], [14, 16], [15, 16], [3, 16], [1, 3], [28, 3], [15, 3], [16, 3], [29, 3], [13, 29], [3, 29], [6, 29], [5, 6], [29, 6], [7, 6], [11, 6], [5, 7], [6, 7], [11, 7], [4, 11], [19, 11], [10, 11], [6, 11], [7, 11], [26, 30], [31, 30], [32, 30], [17, 30], [4, 12], [8, 12], [24, 12], [25, 12], [26, 33], [18, 33], [34, 33], [35, 33], [27, 33], [0, 26], [30, 26], [33, 26], [18, 26], [27, 26], [5, 8], [4, 8], [12, 8], [9, 8], [24, 8], [25, 8], [9, 36], [31, 36], [23, 36], [37, 36], [5, 9], [8, 9], [36, 9], [23, 9], [37, 9], [24, 9], [30, 31], [36, 31], [32, 31], [17, 31], [38, 31], [30, 32], [31, 32], [17, 32], [38, 32], [14, 17], [30, 17], [31, 17], [32, 17], [38, 17], [31, 38], [32, 38], [17, 38], [37, 38], [20, 23], [36, 23], [9, 23], [37, 23], [24, 23], [36, 37], [9, 37], [38, 37], [23, 37], [20, 24], [19, 24], [12, 24], [8, 24], [9, 24], [23, 24], [25, 24], [14, 18], [0, 18], [33, 18], [26, 18], [34, 18], [27, 18], [33, 34], [18, 34], [35, 34], [27, 34], [19, 25], [12, 25], [8, 25], [24, 25], [33, 35], [34, 35], [27, 35], [0, 27], [33, 27], [26, 27], [18, 27], [34, 27], [35, 27]], "labels": {"0": "1", "1": "1", "2": "1", "3": "1", "4": "1", "5": "1", "6": "1", "7": "1", "8": "2", "9": "2", "10": "1", "11": "1", "12": "2", "13": "1", "14": "1", "15": "1", "16": "1", "17": "2", "18": "2", "19": "1", "20": "1", "21": "1", "22": "1", "23": "2", "24": "2", "25": "2", "26": "2", "27": "2", "28": "1", "29": "1", "30": "2", "31": "2", "32": "2", "33": "2", "34": "2", "35": "2", "36": "2", "37": "2", "38": "2"}, "target": 5}