{"edges": [[0, 1], [2, 1], [3, 1], [4, 5], [6, 5], [7, 5], [8, 5], [9, 5], [5, 4], [10, 4], [11, 4], [9, 4], [12, 4], [13, 14], [15, 14], [16, 14], [17, 14], [18, 14], [19, 20], [21, 20], [22, 20], [10, 20], [23, 20], [24, 20], [20, 19], [11, 19], [24, 19], [25, 19], [1, 0], [2, 0], [26, 0], [18, 0], [27, 0], [1, 2], [0, 2], [13, 2], [15, 2], [14, 13], [2, 13], [28, 13], [29, 13], [13, 28], [21, 28], [3, 28], [20, 21], [28, 21], [22, 21], [10, 21], [20, 22], [21, 22], [10, 22], [4, 10], [20, 10], [21, 10], [22, 10], [11, 10], [14, 15], [2, 15], [16, 15], [3, 15], [30, 15], [14, 16], [15, 16], [3, 16], [1, 3], [28, 3], [15, 3], [16, 3], [29, 3], [13, 29], [3, 29], [6, 29], [5, 6], [29, 6], [7, 6], [11, 6], [5, 7], [6, 7], [11, 7], [4, 11], [19, 11], [10, 11], [6, 11], [7, 11], [31, 32], [26, 32], [33, 32], [32, 31], [34, 31], [17, 31], [5, 8], [34, 8], [9, 8], [35, 8], [24, 8], [31, 34], [8, 34], [23, 34], [5, 9], [4, 9], [8, 9], [12, 9], [23, 9], [25, 9], [0, 26], [32, 26], [36, 26], [27, 26], [30, 26], [26, 36], [37, 36], [27, 36], [38, 36], [30, 36], [4, 12], [9, 12], [24, 12], [25, 12], [14, 17], [31, 17], [33, 17], [32, 33], [17, 33], [35, 33], [20, 23], [34, 23], [9, 23], [35, 23], [24, 23], [8, 35], [33, 35], [23, 35], [20, 24], [19, 24], [8, 24], [12, 24], [23, 24], [25, 24], [14, 18], [0, 18], [39, 18], [27, 18], [30, 18], [18, 39], [37, 39], [38, 39], [19, 25], [9, 25], [12, 25], [24, 25], [36, 37], [39, 37], [27, 37], [0, 27], [26, 27], [36, 27], [18, 27], [37, 27], [30, 27], [36, 38], [39, 38], [30, 38], [15, 30], [26, 30], [36, 30], [18, 30], [27, 30], [38, 30]], "labels": {"0": "1", "1": "1", "2": "1", "3": "1", "4": "1", "5": "1", "6": "1", "7": "1", "8": "2", "9": "2", "10": "1", "11": "1", "12": "2", "13": "1", "14": "1", "15": "1", "16": "1", "17": "2", "18": "2", "19": "1", "20": "1", "21": "1", "22": "1", "23": "2", "24": "2", "25": "2", "26": "2", "27": "2", "28": "1", "29": "1", "30": "2", "31": "2", "32": "2", "33": "2", "34": "2", "35": "2", "36": "2", "37": "2", "38": "2", "39": "2"}, "target": 5}