{"edges": [[0, 1], [2, 1], [3, 1], [4, 5], [6, 5], [7, 5], [8, 5], [9, 5], [10, 5], [5, 4], [11, 4], [8, 4], [10, 4], [12, 4], [13, 14], [15, 14], [16, 14], [17, 14], [18, 14], [19, 20], [21, 20], [22, 20], [23, 20], [24, 20], [25, 20], [20, 19], [23, 19], [25, 19], [26, 19], [1, 0], [2, 0], [27, 0], [18, 0], [28, 0], [1, 2], [0, 2], [13, 2], [15, 2], [14, 13], [2, 13], [29, 13], [30, 13], [17, 13], [13, 29], [21, 29], [3, 29], [20, 21], [29, 21], [22, 21], [23, 21], [20, 22], [21, 22], [23, 22], [20, 23], [19, 23], [21, 23], [22, 23], [11, 23], [8, 23], [4, 11], [23, 11], [8, 11], [14, 15], [2, 15], [16, 15], [3, 15], [14, 16], [15, 16], [3, 16], [1, 3], [29, 3], [15, 3], [16, 3], [30, 3], [13, 30], [3, 30], [6, 30], [5, 6], [30, 6], [7, 6], [8, 6], [5, 7], [6, 7], [8, 7], [5, 8], [4, 8], [23, 8], [11, 8], [6, 8], [7, 8], [31, 32], [27, 32], [33, 32], [32, 31], [34, 31], [17, 31], [5, 9], [34, 9], [10, 9], [35, 9], [25, 9], [31, 34], [9, 34], [24, 34], [5, 10], [4, 10], [9, 10], [12, 10], [24, 10], [26, 10], [0, 27], [32, 27], [36, 27], [28, 27], [27, 36], [18, 36], [37, 36], [28, 36], [4, 12], [10, 12], [25, 12], [26, 12], [14, 17], [13, 17], [31, 17], [33, 17], [32, 33], [17, 33], [35, 33], [20, 24], [34, 24], [10, 24], [35, 24], [25, 24], [9, 35], [33, 35], [24, 35], [20, 25], [19, 25], [9, 25], [12, 25], [24, 25], [26, 25], [14, 18], [0, 18], [36, 18], [38, 18], [28, 18], [18, 38], [37, 38], [28, 38], [19, 26], [10, 26], [12, 26], [25, 26], [36, 37], [38, 37], [28, 37], [0, 28], [27, 28], [36, 28], [18, 28], [38, 28], [37, 28]], "labels": {"0": "1", "1": "1", "2": "1", "3": "1", "4": "1", "5": "1", "6": "1", "7": "1", "8": "1", "9": "2", "10": "2", "11": "1", "12": "2", "13": "1", "14": "1", "15": "1", "16": "1", "17": "2", "18": "2", "19": "1", "20": "1", "21": "1", "22": "1", "23": "1", "24": "2", "25": "2", "26": "2", "27": "2", "28": "2", "29": "1", "30": "1", "31": "2", "32": "2", "33": "2", "34": "2", "35": "2", "36": "2", "37": "2", "38": "2"}, "target": 5}