{"edges": [[0, 1], [2, 1], [3, 1], [1, 0], [2, 0], [3, 0], [4, 0], [1, 2], [0, 2], [3, 2], [5, 2], [1, 3], [0, 3], [2, 3], [5, 3], [6, 3], [7, 8], [9, 8], [4, 8], [8, 7], [9, 7], [4, 7], [8, 9], [7, 9], [4, 9], [2, 5], [3, 5], [4, 5], [10, 5], [6, 5], [0, 4], [8, 4], [7, 4], [9, 4], [5, 4], [10, 4], [6, 4], [5, 10], [4, 10], [6, 10], [3, 6], [5, 6], [4, 6], [10, 6]], "labels": {"0": "1", "1": "1", "2": "1", "3": "1", "4": "2", "5": "2", "6": "2", "7": "2", "8": "2", "9": "2", "10": "2"}, "target": 5}