{"edges": [[0, 1], [2, 1], [3, 1], [4, 1], [1, 0], [3, 0], [4, 0], [5, 6], [7, 6], [8, 6], [6, 5], [7, 5], [8, 5], [6, 7], [5, 7], [8, 7], [6, 8], [5, 8], [7, 8], [1, 2], [4, 2], [9, 2], [10, 2], [11, 12], [9, 12], [10, 12], [1, 3], [0, 3], [4, 3], [1, 4], [0, 4], [2, 4], [3, 4], [12, 11], [9, 11], [10, 11], [2, 9], [12, 9], [11, 9], [10, 9], [2, 10], [12, 10], [11, 10], [9, 10]], "labels": {"0": "1", "1": "1", "2": "2", "3": "2", "4": "2", "5": "1", "6": "1", "7": "1", "8": "1", "9": "2", "10": "2", "11": "2", "12": "2"}, "target": 5}