{"edges": [[0, 1], [2, 1], [3, 1], [1, 0], [2, 0], [3, 0], [4, 0], [5, 6], [3, 6], [7, 6], [6, 5], [2, 5], [8, 5], [2, 9], [3, 9], [10, 9], [1, 2], [0, 2], [5, 2], [9, 2], [11, 2], [3, 12], [1, 3], [0, 3], [6, 3], [9, 3], [12, 3], [13, 3], [14, 3], [4, 15], [8, 15], [16, 15], [11, 15], [0, 4], [15, 4], [17, 4], [8, 4], [16, 4], [11, 4], [3, 13], [7, 13], [6, 7], [13, 7], [14, 7], [4, 17], [8, 17], [16, 17], [5, 8], [15, 8], [4, 8], [17, 8], [11, 8], [3, 14], [7, 14], [10, 14], [9, 10], [14, 10], [15, 16], [4, 16], [17, 16], [11, 16], [2, 11], [15, 11], [4, 11], [8, 11], [16, 11]], "labels": {"0": "1", "1": "1", "2": "1", "3": "2", "4": "2", "5": "1", "6": "1", "7": "2", "8": "2", "9": "1", "10": "2", "11": "2", "12": "2", "13": "2", "14": "2", "15": "2", "16": "2", "17": "2"}, "target": 5}