{"edges": [[0, 1], [2, 1], [1, 0], [3, 0], [4, 0], [5, 0], [0, 3], [2, 3], [5, 3], [6, 3], [7, 8], [9, 8], [10, 8], [11, 8], [12, 8], [8, 7], [9, 7], [10, 7], [12, 7], [8, 9], [7, 9], [10, 9], [13, 9], [8, 10], [7, 10], [9, 10], [13, 10], [14, 10], [9, 13], [10, 13], [15, 13], [16, 13], [17, 13], [0, 4], [2, 4], [1, 2], [3, 2], [4, 2], [5, 2], [0, 5], [3, 5], [2, 5], [18, 5], [19, 20], [21, 20], [22, 20], [23, 20], [24, 20], [20, 19], [21, 19], [22, 19], [24, 19], [20, 21], [19, 21], [22, 21], [15, 21], [20, 22], [19, 22], [21, 22], [15, 22], [25, 22], [13, 15], [21, 15], [22, 15], [26, 15], [27, 15], [6, 28], [29, 28], [30, 31], [29, 31], [10, 14], [16, 14], [17, 32], [31, 30], [33, 30], [34, 30], [8, 11], [33, 11], [12, 11], [23, 11], [24, 11], [3, 6], [28, 6], [28, 29], [31, 29], [13, 16], [14, 16], [13, 17], [32, 17], [30, 33], [11, 33], [35, 33], [8, 12], [7, 12], [11, 12], [24, 12], [36, 37], [18, 37], [37, 36], [38, 36], [15, 26], [25, 26], [27, 39], [33, 35], [23, 35], [34, 35], [20, 23], [11, 23], [35, 23], [24, 23], [5, 18], [37, 18], [36, 38], [34, 38], [22, 25], [26, 25], [15, 27], [39, 27], [30, 34], [35, 34], [38, 34], [20, 24], [19, 24], [11, 24], [12, 24], [23, 24]], "labels": {"0": "1", "1": "1", "2": "1", "3": "1", "4": "1", "5": "1", "6": "2", "7": "1", "8": "1", "9": "1", "10": "1", "11": "2", "12": "2", "13": "1", "14": "2", "15": "1", "16": "2", "17": "2", "18": "2", "19": "1", "20": "1", "21": "1", "22": "1", "23": "2", "24": "2", "25": "2", "26": "2", "27": "2", "28": "2", "29": "2", "30": "2", "31": "2", "32": "2", "33": "2", "34": "2", "35": "2", "36": "2", "37": "2", "38": "2", "39": "2"}, "target": 5}