{"edges": [[0, 1], [2, 1], [1, 0], [3, 0], [4, 0], [5, 0], [6, 0], [7, 0], [0, 3], [4, 3], [2, 3], [8, 3], [0, 4], [3, 4], [9, 4], [10, 11], [8, 11], [12, 11], [13, 11], [14, 11], [11, 10], [15, 10], [16, 10], [17, 10], [10, 15], [18, 15], [19, 15], [20, 15], [21, 15], [15, 18], [19, 18], [22, 18], [23, 18], [15, 19], [18, 19], [24, 19], [22, 19], [25, 19], [19, 24], [26, 24], [27, 24], [28, 24], [24, 26], [29, 26], [22, 26], [30, 26], [26, 29], [28, 29], [30, 29], [2, 31], [5, 31], [32, 31], [1, 2], [3, 2], [31, 2], [5, 2], [6, 2], [33, 2], [0, 5], [31, 5], [2, 5], [6, 5], [0, 6], [2, 6], [5, 6], [34, 6], [3, 8], [11, 8], [35, 8], [36, 8], [37, 8], [8, 35], [12, 35], [38, 35], [39, 35], [11, 12], [35, 12], [40, 12], [41, 12], [20, 42], [27, 42], [43, 42], [15, 20], [42, 20], [27, 20], [24, 27], [42, 27], [20, 27], [22, 27], [18, 22], [19, 22], [26, 22], [27, 22], [28, 22], [24, 28], [29, 28], [22, 28], [30, 28], [26, 30], [29, 30], [28, 30], [7, 44], [45, 46], [9, 46], [46, 45], [14, 45], [15, 21], [47, 21], [23, 21], [25, 21], [48, 21], [43, 21], [49, 50], [51, 50], [10, 16], [51, 16], [17, 16], [40, 16], [41, 16], [11, 13], [17, 13], [41, 13], [0, 7], [44, 7], [4, 9], [46, 9], [11, 14], [45, 14], [21, 47], [49, 47], [23, 47], [25, 47], [48, 47], [43, 47], [50, 49], [47, 49], [50, 51], [16, 51], [17, 51], [52, 51], [40, 51], [10, 17], [16, 17], [13, 17], [51, 17], [39, 17], [41, 17], [18, 23], [21, 23], [47, 23], [25, 23], [19, 25], [21, 25], [47, 25], [23, 25], [31, 32], [33, 32], [8, 36], [34, 36], [35, 38], [37, 38], [21, 48], [47, 48], [43, 48], [53, 48], [52, 54], [53, 54], [51, 52], [54, 52], [40, 52], [35, 39], [17, 39], [41, 39], [2, 33], [32, 33], [6, 34], [36, 34], [8, 37], [38, 37], [42, 43], [21, 43], [47, 43], [48, 43], [48, 53], [54, 53], [12, 40], [16, 40], [51, 40], [52, 40], [12, 41], [16, 41], [13, 41], [17, 41], [39, 41]], "labels": {"0": "1", "1": "1", "2": "1", "3": "1", "4": "1", "5": "1", "6": "1", "7": "2", "8": "1", "9": "2", "10": "1", "11": "1", "12": "1", "13": "2", "14": "2", "15": "1", "16": "2", "17": "2", "18": "1", "19": "1", "20": "1", "21": "2", "22": "1", "23": "2", "24": "1", "25": "2", "26": "1", "27": "1", "28": "1", "29": "1", "30": "1", "31": "1", "32": "2", "33": "2", "34": "2", "35": "1", "36": "2", "37": "2", "38": "2", "39": "2", "40": "2", "41": "2", "42": "1", "43": "2", "44": "2", "45": "2", "46": "2", "47": "2", "48": "2", "49": "2", "50": "2", "51": "2", "52": "2", "53": "2", "54": "2"}, "target": 6}