{"edges": [[0, 1], [2, 1], [3, 1], [1, 0], [2, 0], [4, 0], [5, 6], [7, 6], [8, 6], [9, 6], [6, 5], [10, 5], [7, 5], [11, 5], [12, 5], [5, 10], [7, 10], [12, 10], [2, 13], [14, 13], [3, 13], [1, 2], [0, 2], [13, 2], [14, 2], [3, 2], [6, 7], [5, 7], [10, 7], [8, 7], [9, 7], [6, 8], [7, 8], [9, 8], [15, 8], [6, 9], [7, 9], [8, 9], [8, 15], [16, 15], [4, 15], [17, 15], [15, 16], [4, 16], [17, 16], [5, 11], [12, 11], [13, 14], [2, 14], [3, 14], [1, 3], [13, 3], [2, 3], [14, 3], [0, 4], [15, 4], [16, 4], [17, 4], [15, 17], [16, 17], [4, 17], [5, 12], [10, 12], [11, 12]], "labels": {"0": "1", "1": "1", "2": "2", "3": "3", "4": "3", "5": "1", "6": "1", "7": "2", "8": "2", "9": "2", "10": "1", "11": "2", "12": "3", "13": "2", "14": "2", "15": "2", "16": "2", "17": "3"}, "target": 5}