{"edges": [[0, 1], [2, 1], [3, 1], [4, 1], [5, 6], [7, 6], [3, 6], [4, 6], [8, 9], [10, 9], [11, 9], [5, 9], [7, 9], [9, 8], [10, 8], [11, 8], [9, 10], [8, 10], [11, 10], [1, 0], [2, 0], [4, 0], [1, 2], [0, 2], [4, 2], [9, 11], [8, 11], [10, 11], [7, 11], [6, 5], [9, 5], [7, 5], [6, 7], [9, 7], [11, 7], [5, 7], [1, 3], [6, 3], [4, 3], [1, 4], [6, 4], [0, 4], [2, 4], [3, 4]], "labels": {"0": "2", "1": "1", "2": "2", "3": "2", "4": "2", "5": "2", "6": "1", "7": "2", "8": "1", "9": "1", "10": "2", "11": "2"}, "target": 5}