{"edges": [[0, 1], [2, 1], [1, 0], [2, 0], [3, 0], [4, 0], [1, 2], [0, 2], [5, 2], [6, 2], [7, 8], [9, 8], [6, 8], [10, 8], [8, 7], [11, 7], [12, 7], [13, 7], [10, 7], [7, 11], [14, 11], [9, 11], [15, 11], [16, 11], [11, 14], [17, 14], [18, 14], [16, 14], [14, 17], [19, 17], [15, 17], [20, 17], [17, 19], [21, 19], [22, 19], [20, 19], [19, 21], [22, 21], [23, 21], [19, 22], [21, 22], [24, 22], [25, 22], [23, 22], [26, 22], [22, 24], [25, 24], [27, 24], [26, 24], [22, 25], [24, 25], [27, 25], [5, 28], [3, 28], [29, 28], [30, 28], [2, 5], [28, 5], [3, 5], [29, 5], [0, 3], [28, 3], [5, 3], [31, 3], [7, 12], [9, 12], [31, 12], [32, 12], [8, 9], [11, 9], [12, 9], [13, 9], [32, 9], [7, 13], [9, 13], [33, 13], [11, 15], [17, 15], [18, 15], [33, 15], [14, 18], [15, 18], [34, 18], [35, 18], [18, 34], [36, 34], [37, 34], [35, 34], [34, 36], [37, 36], [27, 36], [38, 36], [39, 36], [34, 37], [36, 37], [27, 37], [38, 37], [39, 37], [40, 37], [24, 27], [25, 27], [36, 27], [37, 27], [38, 27], [40, 27], [36, 38], [37, 38], [27, 38], [4, 41], [42, 41], [30, 41], [0, 4], [41, 4], [6, 4], [31, 4], [2, 6], [8, 6], [4, 6], [10, 6], [29, 6], [32, 6], [8, 10], [7, 10], [6, 10], [16, 10], [31, 10], [33, 10], [11, 16], [14, 16], [10, 16], [20, 16], [32, 16], [35, 16], [17, 20], [19, 20], [16, 20], [33, 20], [21, 23], [22, 23], [26, 23], [40, 23], [22, 26], [24, 26], [23, 26], [39, 26], [41, 42], [43, 42], [30, 42], [42, 43], [30, 43], [28, 29], [5, 29], [6, 29], [31, 29], [3, 31], [12, 31], [4, 31], [10, 31], [29, 31], [32, 31], [12, 32], [9, 32], [6, 32], [16, 32], [31, 32], [33, 32], [13, 33], [15, 33], [10, 33], [20, 33], [32, 33], [35, 33], [18, 35], [34, 35], [16, 35], [33, 35], [36, 39], [37, 39], [26, 39], [40, 39], [37, 40], [27, 40], [23, 40], [39, 40], [28, 30], [41, 30], [42, 30], [43, 30]], "labels": {"0": "1", "1": "1", "2": "1", "3": "1", "4": "2", "5": "1", "6": "2", "7": "1", "8": "1", "9": "1", "10": "2", "11": "1", "12": "1", "13": "1", "14": "1", "15": "1", "16": "2", "17": "1", "18": "1", "19": "1", "20": "2", "21": "1", "22": "1", "23": "2", "24": "1", "25": "1", "26": "2", "27": "1", "28": "1", "29": "2", "30": "2", "31": "2", "32": "2", "33": "2", "34": "1", "35": "2", "36": "1", "37": "1", "38": "1", "39": "2", "40": "2", "41": "2", "42": "2", "43": "2"}, "target": 5}