{"edges": [[0, 1], [2, 1], [3, 1], [4, 1], [1, 0], [2, 0], [5, 0], [1, 2], [0, 2], [5, 2], [6, 2], [7, 8], [9, 8], [6, 8], [10, 8], [8, 7], [9, 7], [10, 7], [8, 9], [7, 9], [10, 9], [11, 9], [12, 13], [14, 13], [11, 13], [13, 12], [14, 12], [11, 12], [13, 14], [12, 14], [15, 14], [16, 14], [14, 15], [17, 15], [16, 15], [15, 17], [18, 17], [16, 17], [17, 18], [19, 18], [20, 18], [18, 19], [21, 19], [22, 19], [20, 19], [23, 19], [19, 21], [22, 21], [23, 21], [19, 22], [21, 22], [1, 3], [5, 3], [4, 3], [0, 5], [2, 5], [3, 5], [6, 5], [4, 5], [2, 6], [8, 6], [5, 6], [10, 6], [8, 10], [7, 10], [9, 10], [6, 10], [9, 11], [13, 11], [12, 11], [14, 16], [15, 16], [17, 16], [18, 20], [19, 20], [23, 20], [19, 23], [21, 23], [20, 23], [1, 4], [3, 4], [5, 4]], "labels": {"0": "1", "1": "1", "2": "1", "3": "2", "4": "2", "5": "2", "6": "2", "7": "1", "8": "1", "9": "1", "10": "2", "11": "2", "12": "1", "13": "1", "14": "1", "15": "1", "16": "2", "17": "1", "18": "1", "19": "1", "20": "2", "21": "1", "22": "1", "23": "2"}, "target": 5}