{"edges": [[0, 1], [2, 1], [3, 1], [0, 4], [5, 4], [6, 4], [7, 4], [1, 0], [4, 0], [8, 0], [9, 0], [10, 11], [9, 11], [12, 11], [13, 14], [15, 14], [16, 14], [12, 14], [17, 14], [14, 13], [10, 13], [12, 13], [18, 13], [17, 13], [19, 13], [20, 21], [18, 21], [19, 21], [21, 20], [22, 20], [18, 20], [20, 22], [23, 22], [24, 22], [25, 26], [23, 26], [24, 26], [26, 25], [27, 25], [23, 25], [25, 27], [28, 27], [29, 27], [30, 27], [27, 28], [31, 28], [32, 28], [29, 28], [33, 28], [28, 31], [32, 31], [33, 31], [34, 31], [28, 32], [31, 32], [33, 32], [8, 35], [2, 35], [3, 35], [7, 35], [36, 35], [0, 8], [35, 8], [5, 8], [6, 8], [7, 8], [4, 5], [8, 5], [37, 5], [14, 15], [10, 15], [37, 15], [17, 15], [11, 10], [13, 10], [15, 10], [16, 10], [17, 10], [14, 16], [10, 16], [19, 16], [38, 39], [18, 39], [19, 39], [39, 38], [40, 38], [41, 38], [38, 40], [41, 40], [42, 40], [23, 40], [24, 40], [38, 41], [40, 41], [42, 41], [23, 41], [24, 41], [40, 42], [41, 42], [43, 42], [42, 43], [44, 43], [45, 43], [30, 43], [43, 44], [45, 44], [46, 44], [30, 44], [34, 44], [43, 45], [44, 45], [46, 45], [33, 45], [34, 45], [44, 46], [45, 46], [1, 2], [35, 2], [3, 2], [47, 2], [36, 2], [4, 6], [8, 6], [9, 6], [3, 6], [37, 6], [0, 9], [11, 9], [6, 9], [7, 9], [11, 12], [14, 12], [13, 12], [13, 18], [21, 18], [20, 18], [39, 18], [22, 23], [26, 23], [25, 23], [40, 23], [41, 23], [27, 29], [28, 29], [33, 29], [34, 29], [28, 33], [31, 33], [32, 33], [45, 33], [29, 33], [30, 33], [34, 33], [1, 3], [35, 3], [2, 3], [6, 3], [47, 3], [36, 3], [2, 47], [3, 47], [36, 47], [4, 7], [35, 7], [8, 7], [9, 7], [37, 7], [5, 37], [15, 37], [6, 37], [7, 37], [14, 17], [13, 17], [15, 17], [10, 17], [13, 19], [21, 19], [16, 19], [39, 19], [22, 24], [26, 24], [40, 24], [41, 24], [27, 30], [43, 30], [44, 30], [33, 30], [34, 30], [31, 34], [44, 34], [45, 34], [29, 34], [33, 34], [30, 34], [35, 36], [2, 36], [3, 36], [47, 36]], "labels": {"0": "1", "1": "1", "2": "2", "3": "2", "4": "1", "5": "1", "6": "2", "7": "2", "8": "1", "9": "2", "10": "1", "11": "1", "12": "2", "13": "1", "14": "1", "15": "1", "16": "1", "17": "2", "18": "2", "19": "2", "20": "1", "21": "1", "22": "1", "23": "2", "24": "2", "25": "1", "26": "1", "27": "1", "28": "1", "29": "2", "30": "2", "31": "1", "32": "1", "33": "2", "34": "2", "35": "1", "36": "2", "37": "2", "38": "1", "39": "1", "40": "1", "41": "1", "42": "1", "43": "1", "44": "1", "45": "1", "46": "1", "47": "2"}, "target": 5}