{"edges": [[0, 1], [2, 1], [3, 1], [0, 4], [5, 4], [6, 4], [7, 4], [1, 0], [4, 0], [8, 0], [9, 0], [10, 11], [9, 11], [12, 11], [13, 11], [14, 15], [16, 15], [17, 15], [12, 15], [13, 15], [15, 14], [10, 14], [12, 14], [18, 14], [13, 14], [19, 14], [20, 21], [18, 21], [19, 21], [21, 20], [22, 20], [18, 20], [20, 22], [23, 22], [24, 22], [25, 26], [23, 26], [24, 26], [26, 25], [27, 25], [23, 25], [25, 27], [28, 27], [29, 27], [30, 27], [27, 28], [31, 28], [32, 28], [29, 28], [33, 28], [28, 31], [32, 31], [33, 31], [34, 31], [28, 32], [31, 32], [33, 32], [2, 35], [3, 35], [36, 35], [7, 35], [37, 35], [0, 8], [5, 8], [6, 8], [7, 8], [4, 5], [8, 5], [38, 5], [15, 16], [10, 16], [38, 16], [13, 16], [11, 10], [14, 10], [16, 10], [17, 10], [13, 10], [15, 17], [10, 17], [19, 17], [39, 40], [18, 40], [19, 40], [40, 39], [41, 39], [42, 39], [39, 41], [42, 41], [43, 41], [23, 41], [24, 41], [39, 42], [41, 42], [43, 42], [23, 42], [24, 42], [41, 43], [42, 43], [44, 43], [43, 44], [45, 44], [46, 44], [30, 44], [44, 45], [46, 45], [47, 45], [30, 45], [34, 45], [44, 46], [45, 46], [47, 46], [33, 46], [34, 46], [45, 47], [46, 47], [1, 2], [35, 2], [3, 2], [37, 2], [4, 6], [8, 6], [9, 6], [3, 6], [38, 6], [0, 9], [11, 9], [6, 9], [7, 9], [11, 12], [15, 12], [14, 12], [14, 18], [21, 18], [20, 18], [40, 18], [22, 23], [26, 23], [25, 23], [41, 23], [42, 23], [27, 29], [28, 29], [33, 29], [34, 29], [28, 33], [31, 33], [32, 33], [46, 33], [29, 33], [30, 33], [1, 3], [35, 3], [2, 3], [6, 3], [36, 3], [37, 3], [35, 36], [3, 36], [37, 36], [4, 7], [35, 7], [8, 7], [9, 7], [38, 7], [5, 38], [16, 38], [6, 38], [7, 38], [11, 13], [15, 13], [14, 13], [16, 13], [10, 13], [14, 19], [21, 19], [17, 19], [40, 19], [22, 24], [26, 24], [41, 24], [42, 24], [27, 30], [44, 30], [45, 30], [33, 30], [34, 30], [31, 34], [45, 34], [46, 34], [29, 34], [30, 34], [35, 37], [2, 37], [3, 37], [36, 37]], "labels": {"0": "1", "1": "1", "2": "2", "3": "2", "4": "1", "5": "1", "6": "2", "7": "2", "8": "1", "9": "2", "10": "1", "11": "1", "12": "2", "13": "2", "14": "1", "15": "1", "16": "1", "17": "1", "18": "2", "19": "2", "20": "1", "21": "1", "22": "1", "23": "2", "24": "2", "25": "1", "26": "1", "27": "1", "28": "1", "29": "2", "30": "2", "31": "1", "32": "1", "33": "2", "34": "2", "35": "1", "36": "2", "37": "2", "38": "2", "39": "1", "40": "1", "41": "1", "42": "1", "43": "1", "44": "1", "45": "1", "46": "1", "47": "1"}, "target": 5}