{"edges": [[0, 1], [2, 1], [1, 0], [3, 0], [4, 0], [5, 0], [6, 7], [8, 7], [5, 7], [9, 7], [7, 6], [10, 6], [11, 6], [12, 6], [9, 6], [6, 10], [8, 10], [13, 10], [14, 15], [12, 15], [16, 15], [13, 15], [15, 14], [17, 14], [18, 14], [19, 14], [14, 17], [20, 17], [21, 17], [22, 17], [17, 20], [23, 20], [19, 20], [22, 20], [20, 23], [24, 23], [19, 23], [23, 24], [25, 24], [26, 24], [27, 24], [24, 25], [26, 25], [28, 25], [29, 25], [27, 25], [24, 26], [25, 26], [28, 26], [30, 26], [29, 26], [25, 28], [26, 28], [29, 28], [0, 3], [2, 3], [31, 3], [32, 3], [1, 2], [3, 2], [32, 2], [33, 2], [6, 11], [8, 11], [33, 11], [34, 11], [7, 8], [10, 8], [11, 8], [12, 8], [34, 8], [6, 12], [15, 12], [8, 12], [35, 12], [14, 18], [16, 18], [19, 18], [35, 18], [15, 16], [18, 16], [19, 16], [14, 19], [20, 19], [23, 19], [18, 19], [16, 19], [21, 19], [36, 19], [37, 19], [17, 21], [19, 21], [36, 21], [37, 21], [19, 36], [21, 36], [38, 36], [36, 38], [39, 38], [40, 38], [41, 38], [38, 39], [40, 39], [30, 39], [42, 39], [41, 39], [38, 40], [39, 40], [30, 40], [42, 40], [26, 30], [39, 30], [40, 30], [25, 29], [26, 29], [28, 29], [27, 29], [41, 29], [4, 43], [32, 43], [0, 4], [43, 4], [5, 4], [31, 4], [33, 4], [0, 5], [7, 5], [4, 5], [9, 5], [32, 5], [34, 5], [7, 9], [6, 9], [5, 9], [13, 9], [33, 9], [35, 9], [10, 13], [15, 13], [9, 13], [22, 13], [34, 13], [37, 13], [17, 22], [20, 22], [13, 22], [35, 22], [24, 27], [25, 27], [29, 27], [42, 27], [41, 27], [39, 42], [40, 42], [27, 42], [41, 42], [3, 31], [4, 31], [32, 31], [3, 32], [2, 32], [43, 32], [5, 32], [31, 32], [33, 32], [2, 33], [11, 33], [4, 33], [9, 33], [32, 33], [34, 33], [11, 34], [8, 34], [5, 34], [13, 34], [33, 34], [35, 34], [12, 35], [18, 35], [9, 35], [22, 35], [34, 35], [37, 35], [19, 37], [21, 37], [13, 37], [35, 37], [38, 41], [39, 41], [29, 41], [27, 41], [42, 41]], "labels": {"0": "1", "1": "1", "2": "1", "3": "1", "4": "2", "5": "2", "6": "1", "7": "1", "8": "1", "9": "2", "10": "1", "11": "1", "12": "1", "13": "2", "14": "1", "15": "1", "16": "1", "17": "1", "18": "1", "19": "1", "20": "1", "21": "1", "22": "2", "23": "1", "24": "1", "25": "1", "26": "1", "27": "2", "28": "1", "29": "2", "30": "1", "31": "2", "32": "2", "33": "2", "34": "2", "35": "2", "36": "1", "37": "2", "38": "1", "39": "1", "40": "1", "41": "2", "42": "2", "43": "2"}, "target": 5}