{"edges": [[0, 1], [2, 1], [1, 0], [3, 0], [4, 0], [5, 0], [6, 7], [8, 7], [5, 7], [9, 7], [7, 6], [10, 6], [3, 6], [11, 6], [9, 6], [6, 10], [12, 10], [8, 10], [9, 10], [13, 10], [14, 10], [15, 10], [10, 12], [16, 12], [17, 12], [13, 12], [12, 16], [18, 16], [13, 16], [19, 16], [16, 18], [20, 18], [21, 18], [19, 18], [18, 20], [21, 20], [22, 20], [23, 20], [18, 21], [20, 21], [22, 21], [23, 21], [24, 21], [20, 22], [21, 22], [24, 22], [2, 25], [26, 25], [27, 25], [28, 25], [1, 2], [25, 2], [3, 2], [28, 2], [29, 2], [0, 3], [6, 3], [2, 3], [8, 3], [29, 3], [14, 3], [7, 8], [10, 8], [3, 8], [11, 8], [9, 8], [14, 8], [6, 11], [8, 11], [15, 11], [17, 30], [13, 30], [15, 30], [12, 17], [30, 17], [13, 17], [19, 17], [15, 17], [31, 17], [32, 33], [19, 33], [31, 33], [33, 32], [34, 32], [23, 32], [35, 32], [32, 34], [36, 34], [24, 34], [35, 34], [37, 34], [34, 36], [37, 36], [25, 26], [4, 26], [38, 26], [39, 26], [0, 4], [26, 4], [5, 4], [29, 4], [0, 5], [7, 5], [4, 5], [28, 5], [7, 9], [6, 9], [10, 9], [8, 9], [10, 13], [12, 13], [16, 13], [30, 13], [17, 13], [16, 19], [18, 19], [17, 19], [33, 19], [20, 23], [21, 23], [32, 23], [24, 23], [37, 23], [21, 24], [22, 24], [34, 24], [23, 24], [35, 24], [26, 38], [27, 38], [39, 38], [25, 27], [38, 27], [39, 27], [25, 28], [2, 28], [5, 28], [29, 28], [2, 29], [3, 29], [4, 29], [28, 29], [10, 14], [3, 14], [8, 14], [10, 15], [11, 15], [30, 15], [17, 15], [17, 31], [33, 31], [32, 35], [34, 35], [24, 35], [37, 35], [34, 37], [36, 37], [23, 37], [35, 37], [26, 39], [38, 39], [27, 39]], "labels": {"0": "1", "1": "1", "2": "1", "3": "1", "4": "2", "5": "2", "6": "1", "7": "1", "8": "1", "9": "2", "10": "1", "11": "1", "12": "1", "13": "2", "14": "2", "15": "2", "16": "1", "17": "1", "18": "1", "19": "2", "20": "1", "21": "1", "22": "1", "23": "2", "24": "2", "25": "1", "26": "2", "27": "2", "28": "2", "29": "2", "30": "1", "31": "2", "32": "1", "33": "1", "34": "1", "35": "2", "36": "1", "37": "2", "38": "2", "39": "2"}, "target": 5}