{"edges": [[0, 1], [2, 1], [1, 0], [3, 0], [4, 0], [0, 3], [5, 3], [6, 3], [3, 5], [7, 5], [8, 5], [9, 5], [5, 7], [10, 7], [11, 7], [6, 7], [12, 7], [7, 10], [11, 10], [9, 10], [7, 11], [10, 11], [13, 11], [11, 13], [14, 13], [15, 13], [13, 14], [15, 14], [16, 14], [17, 14], [13, 15], [14, 15], [16, 15], [17, 15], [14, 16], [15, 16], [17, 16], [14, 17], [15, 17], [16, 17], [0, 4], [2, 4], [1, 2], [4, 2], [8, 2], [5, 8], [2, 8], [6, 8], [3, 6], [7, 6], [8, 6], [9, 6], [5, 9], [10, 9], [6, 9], [12, 9], [18, 9], [7, 12], [9, 12], [18, 12], [9, 18], [12, 18], [19, 18], [18, 19], [20, 19], [21, 19], [19, 20], [21, 20], [22, 20], [23, 20], [19, 21], [20, 21], [22, 21], [23, 21], [20, 22], [21, 22], [23, 22], [20, 23], [21, 23], [22, 23]], "labels": {"0": "3", "1": "2", "2": "3", "3": "3", "4": "2", "5": "4", "6": "4", "7": "5", "8": "3", "9": "5", "10": "3", "11": "3", "12": "3", "13": "3", "14": "4", "15": "4", "16": "3", "17": "3", "18": "3", "19": "3", "20": "4", "21": "4", "22": "3", "23": "3"}, "target": 5}