{"edges": [[0, 1], [2, 1], [3, 4], [5, 4], [6, 4], [7, 4], [4, 3], [8, 3], [9, 3], [7, 3], [10, 3], [3, 8], [11, 8], [10, 8], [12, 8], [8, 11], [13, 11], [14, 11], [12, 11], [15, 11], [11, 13], [14, 13], [16, 13], [15, 13], [11, 14], [13, 14], [16, 14], [17, 14], [13, 16], [14, 16], [18, 16], [17, 16], [19, 16], [16, 18], [20, 18], [21, 18], [19, 18], [22, 18], [18, 20], [21, 20], [23, 20], [0, 24], [2, 24], [25, 24], [26, 24], [3, 9], [5, 9], [25, 9], [27, 9], [4, 5], [9, 5], [28, 5], [27, 5], [29, 5], [5, 28], [30, 28], [29, 28], [31, 28], [28, 30], [32, 30], [33, 30], [31, 30], [34, 30], [30, 32], [33, 32], [35, 32], [17, 32], [34, 32], [30, 33], [32, 33], [35, 33], [36, 33], [32, 35], [33, 35], [37, 35], [17, 35], [36, 35], [38, 35], [35, 37], [21, 37], [19, 37], [38, 37], [39, 37], [18, 21], [20, 21], [37, 21], [22, 21], [40, 21], [1, 0], [24, 0], [6, 0], [2, 0], [25, 0], [26, 0], [4, 6], [0, 6], [2, 6], [4, 7], [3, 7], [10, 7], [29, 7], [3, 10], [8, 10], [7, 10], [12, 10], [27, 10], [31, 10], [8, 12], [11, 12], [10, 12], [15, 12], [29, 12], [34, 12], [11, 15], [13, 15], [12, 15], [31, 15], [14, 17], [16, 17], [32, 17], [35, 17], [19, 17], [16, 19], [18, 19], [37, 19], [17, 19], [22, 19], [36, 19], [39, 19], [1, 2], [24, 2], [0, 2], [6, 2], [41, 2], [25, 2], [18, 22], [21, 22], [19, 22], [23, 22], [38, 22], [40, 22], [20, 23], [22, 23], [39, 23], [40, 23], [2, 41], [26, 41], [24, 25], [9, 25], [0, 25], [2, 25], [9, 27], [5, 27], [10, 27], [29, 27], [5, 29], [28, 29], [7, 29], [12, 29], [27, 29], [31, 29], [28, 31], [30, 31], [10, 31], [15, 31], [29, 31], [34, 31], [30, 34], [32, 34], [12, 34], [31, 34], [33, 36], [35, 36], [19, 36], [35, 38], [37, 38], [22, 38], [39, 38], [24, 26], [0, 26], [41, 26], [37, 39], [19, 39], [23, 39], [38, 39], [40, 39], [21, 40], [22, 40], [23, 40], [39, 40]], "labels": {"0": "2", "1": "1", "2": "2", "3": "1", "4": "1", "5": "1", "6": "2", "7": "2", "8": "1", "9": "1", "10": "2", "11": "1", "12": "2", "13": "1", "14": "1", "15": "2", "16": "1", "17": "2", "18": "1", "19": "2", "20": "1", "21": "1", "22": "2", "23": "2", "24": "1", "25": "2", "26": "2", "27": "2", "28": "1", "29": "2", "30": "1", "31": "2", "32": "1", "33": "1", "34": "2", "35": "1", "36": "2", "37": "1", "38": "2", "39": "2", "40": "2", "41": "2"}, "target": 5}