{"edges": [[0, 1], [2, 1], [3, 1], [1, 0], [2, 0], [4, 0], [5, 0], [1, 2], [0, 2], [4, 2], [6, 2], [0, 4], [2, 4], [7, 4], [6, 4], [4, 7], [8, 7], [9, 7], [7, 8], [10, 8], [9, 8], [11, 8], [8, 10], [12, 10], [13, 10], [11, 10], [14, 10], [10, 12], [15, 12], [16, 12], [17, 12], [14, 12], [12, 15], [18, 15], [13, 15], [19, 15], [15, 18], [20, 18], [19, 18], [21, 18], [18, 20], [22, 20], [23, 20], [21, 20], [20, 22], [23, 22], [24, 22], [20, 23], [22, 23], [24, 23], [25, 23], [22, 24], [23, 24], [25, 24], [23, 25], [24, 25], [26, 25], [3, 27], [28, 27], [5, 27], [29, 27], [30, 27], [1, 3], [27, 3], [28, 3], [31, 3], [30, 3], [27, 28], [3, 28], [31, 28], [32, 28], [3, 31], [28, 31], [33, 31], [32, 31], [31, 33], [34, 33], [35, 33], [33, 34], [16, 34], [35, 34], [36, 34], [12, 16], [34, 16], [13, 16], [36, 16], [37, 16], [10, 13], [15, 13], [16, 13], [17, 13], [37, 13], [12, 17], [13, 17], [38, 17], [39, 40], [21, 40], [38, 40], [41, 40], [40, 39], [42, 39], [21, 39], [41, 39], [39, 42], [43, 42], [44, 42], [26, 42], [42, 43], [44, 43], [26, 43], [42, 44], [43, 44], [26, 44], [25, 26], [42, 26], [43, 26], [44, 26], [45, 46], [47, 46], [0, 5], [27, 5], [6, 5], [45, 5], [32, 5], [2, 6], [4, 6], [5, 6], [30, 6], [7, 9], [8, 9], [11, 9], [36, 9], [8, 11], [10, 11], [9, 11], [14, 11], [35, 11], [37, 11], [10, 14], [12, 14], [11, 14], [19, 14], [36, 14], [38, 14], [15, 19], [18, 19], [14, 19], [37, 19], [18, 21], [20, 21], [40, 21], [39, 21], [46, 45], [5, 45], [29, 45], [47, 45], [27, 29], [45, 29], [47, 29], [27, 30], [3, 30], [6, 30], [32, 30], [28, 32], [31, 32], [5, 32], [30, 32], [33, 35], [34, 35], [11, 35], [36, 35], [34, 36], [16, 36], [9, 36], [14, 36], [35, 36], [37, 36], [16, 37], [13, 37], [11, 37], [19, 37], [36, 37], [38, 37], [17, 38], [40, 38], [14, 38], [37, 38], [40, 41], [39, 41], [46, 47], [45, 47], [29, 47]], "labels": {"0": "1", "1": "1", "2": "1", "3": "1", "4": "1", "5": "2", "6": "2", "7": "1", "8": "1", "9": "2", "10": "1", "11": "2", "12": "1", "13": "1", "14": "2", "15": "1", "16": "1", "17": "1", "18": "1", "19": "2", "20": "1", "21": "2", "22": "1", "23": "1", "24": "1", "25": "1", "26": "1", "27": "1", "28": "1", "29": "2", "30": "2", "31": "1", "32": "2", "33": "1", "34": "1", "35": "2", "36": "2", "37": "2", "38": "2", "39": "1", "40": "1", "41": "2", "42": "1", "43": "1", "44": "1", "45": "2", "46": "2", "47": "2"}, "target": 5}