{"edges": [[0, 1], [2, 1], [3, 1], [1, 0], [2, 0], [3, 0], [4, 0], [1, 2], [0, 2], [3, 2], [5, 2], [4, 2], [1, 3], [0, 3], [2, 3], [5, 3], [6, 3], [2, 5], [3, 5], [7, 5], [8, 5], [6, 5], [5, 7], [9, 7], [10, 7], [11, 12], [13, 12], [14, 12], [15, 12], [12, 11], [16, 11], [17, 11], [13, 11], [18, 11], [11, 16], [19, 16], [18, 16], [20, 16], [21, 22], [23, 22], [24, 22], [25, 22], [26, 27], [28, 27], [4, 27], [27, 26], [28, 26], [4, 26], [29, 26], [27, 28], [26, 28], [30, 28], [4, 28], [29, 28], [28, 30], [31, 30], [6, 30], [32, 30], [30, 31], [6, 31], [10, 31], [32, 31], [5, 8], [9, 8], [10, 8], [33, 8], [13, 34], [14, 34], [35, 34], [15, 34], [13, 36], [18, 36], [35, 36], [20, 36], [11, 17], [18, 17], [37, 17], [20, 17], [22, 21], [23, 21], [25, 21], [38, 21], [3, 6], [5, 6], [30, 6], [31, 6], [10, 6], [0, 4], [2, 4], [27, 4], [26, 4], [28, 4], [7, 9], [8, 9], [39, 9], [10, 9], [12, 13], [11, 13], [34, 13], [36, 13], [14, 13], [40, 41], [42, 41], [43, 41], [41, 40], [44, 40], [9, 39], [14, 39], [33, 39], [15, 39], [12, 14], [34, 14], [13, 14], [39, 14], [35, 14], [45, 14], [41, 42], [24, 42], [44, 42], [38, 42], [16, 19], [23, 19], [25, 19], [22, 23], [21, 23], [19, 23], [37, 23], [11, 18], [16, 18], [36, 18], [17, 18], [22, 24], [42, 24], [46, 24], [38, 24], [7, 10], [31, 10], [8, 10], [6, 10], [9, 10], [32, 10], [33, 10], [30, 32], [31, 32], [10, 32], [26, 29], [28, 29], [8, 33], [39, 33], [10, 33], [45, 33], [34, 35], [36, 35], [14, 35], [40, 44], [42, 44], [43, 44], [46, 44], [41, 43], [44, 43], [14, 45], [33, 45], [15, 45], [12, 15], [34, 15], [39, 15], [45, 15], [24, 46], [44, 46], [38, 46], [17, 37], [23, 37], [25, 37], [22, 25], [21, 25], [19, 25], [37, 25], [16, 20], [36, 20], [17, 20], [21, 38], [42, 38], [24, 38], [46, 38]], "labels": {"0": "1", "1": "1", "2": "1", "3": "1", "4": "2", "5": "1", "6": "2", "7": "1", "8": "1", "9": "2", "10": "2", "11": "1", "12": "1", "13": "2", "14": "2", "15": "2", "16": "1", "17": "1", "18": "2", "19": "2", "20": "2", "21": "1", "22": "1", "23": "2", "24": "2", "25": "2", "26": "1", "27": "1", "28": "1", "29": "2", "30": "1", "31": "1", "32": "2", "33": "2", "34": "1", "35": "2", "36": "1", "37": "2", "38": "2", "39": "2", "40": "2", "41": "2", "42": "2", "43": "2", "44": "2", "45": "2", "46": "2"}, "target": 5}