{"edges": [[0, 1], [2, 1], [1, 0], [3, 0], [4, 0], [5, 0], [0, 3], [2, 3], [6, 3], [5, 3], [7, 3], [8, 9], [10, 9], [7, 9], [11, 12], [13, 12], [14, 12], [15, 12], [16, 12], [17, 12], [18, 12], [10, 12], [12, 11], [19, 11], [20, 11], [21, 22], [23, 22], [24, 22], [22, 21], [8, 21], [23, 21], [25, 21], [9, 8], [21, 8], [25, 8], [26, 8], [12, 13], [27, 13], [28, 13], [26, 13], [12, 14], [15, 14], [17, 14], [18, 14], [28, 14], [12, 15], [14, 15], [16, 15], [12, 16], [15, 16], [2, 29], [30, 29], [31, 29], [1, 2], [3, 2], [29, 2], [30, 2], [32, 2], [13, 27], [32, 27], [33, 27], [34, 35], [36, 35], [33, 35], [12, 17], [14, 17], [19, 17], [18, 17], [36, 17], [11, 19], [17, 19], [37, 19], [18, 19], [20, 19], [19, 37], [20, 37], [38, 39], [24, 39], [31, 39], [40, 39], [41, 39], [4, 42], [23, 42], [30, 42], [40, 42], [43, 42], [35, 34], [6, 34], [43, 34], [44, 34], [3, 6], [34, 6], [45, 6], [44, 6], [12, 18], [14, 18], [17, 18], [19, 18], [20, 18], [45, 18], [11, 20], [19, 20], [37, 20], [18, 20], [46, 47], [38, 47], [48, 47], [47, 46], [24, 46], [49, 46], [0, 4], [42, 4], [38, 4], [39, 38], [47, 38], [4, 38], [0, 5], [3, 5], [9, 10], [12, 10], [3, 7], [9, 7], [26, 7], [44, 7], [22, 23], [21, 23], [42, 23], [22, 24], [39, 24], [46, 24], [21, 25], [8, 25], [13, 28], [14, 28], [8, 26], [13, 26], [7, 26], [33, 26], [44, 26], [46, 49], [48, 49], [31, 49], [47, 48], [49, 48], [41, 48], [29, 30], [2, 30], [42, 30], [29, 31], [39, 31], [49, 31], [2, 32], [27, 32], [35, 36], [17, 36], [27, 33], [35, 33], [26, 33], [44, 33], [39, 40], [42, 40], [39, 41], [48, 41], [42, 43], [34, 43], [6, 45], [18, 45], [34, 44], [6, 44], [7, 44], [26, 44], [33, 44]], "labels": {"0": "1", "1": "1", "2": "1", "3": "1", "4": "2", "5": "2", "6": "1", "7": "2", "8": "1", "9": "1", "10": "2", "11": "1", "12": "1", "13": "1", "14": "1", "15": "1", "16": "1", "17": "1", "18": "1", "19": "1", "20": "1", "21": "1", "22": "1", "23": "2", "24": "2", "25": "2", "26": "2", "27": "1", "28": "2", "29": "1", "30": "2", "31": "2", "32": "2", "33": "2", "34": "1", "35": "1", "36": "2", "37": "1", "38": "2", "39": "1", "40": "2", "41": "2", "42": "1", "43": "2", "44": "2", "45": "2", "46": "2", "47": "2", "48": "2", "49": "2"}, "target": 5}