{"edges": [[0, 1], [2, 1], [3, 1], [1, 0], [4, 0], [2, 0], [5, 0], [0, 4], [2, 4], [3, 4], [6, 4], [5, 4], [1, 2], [0, 2], [4, 2], [3, 2], [6, 2], [5, 2], [1, 3], [4, 3], [2, 3], [6, 3], [4, 6], [2, 6], [3, 6], [7, 6], [8, 6], [9, 6], [6, 7], [8, 7], [10, 7], [11, 7], [9, 7], [6, 8], [7, 8], [10, 8], [12, 8], [7, 10], [8, 10], [12, 10], [11, 10], [8, 12], [10, 12], [13, 12], [11, 12], [14, 12], [12, 13], [15, 13], [16, 13], [14, 13], [13, 15], [16, 15], [17, 15], [18, 15], [13, 16], [15, 16], [17, 16], [18, 16], [19, 20], [21, 20], [22, 20], [18, 20], [20, 19], [21, 19], [22, 19], [20, 21], [19, 21], [22, 21], [23, 21], [20, 22], [19, 22], [21, 22], [23, 22], [24, 22], [21, 23], [22, 23], [25, 23], [26, 23], [24, 23], [27, 23], [23, 25], [26, 25], [28, 25], [27, 25], [23, 26], [25, 26], [28, 26], [29, 26], [25, 28], [26, 28], [30, 28], [31, 28], [29, 28], [28, 30], [32, 30], [33, 30], [31, 30], [30, 32], [33, 32], [31, 32], [30, 33], [32, 33], [31, 33], [0, 5], [4, 5], [2, 5], [28, 31], [30, 31], [32, 31], [33, 31], [29, 31], [26, 29], [28, 29], [31, 29], [24, 29], [27, 29], [22, 24], [23, 24], [29, 24], [27, 24], [23, 27], [25, 27], [29, 27], [24, 27], [7, 11], [10, 11], [12, 11], [9, 11], [14, 11], [6, 9], [7, 9], [11, 9], [12, 14], [13, 14], [11, 14], [17, 14], [15, 17], [16, 17], [14, 17], [18, 17], [15, 18], [16, 18], [20, 18], [17, 18]], "labels": {"0": "1", "1": "1", "2": "1", "3": "1", "4": "1", "5": "2", "6": "1", "7": "1", "8": "1", "9": "2", "10": "1", "11": "2", "12": "1", "13": "1", "14": "2", "15": "1", "16": "1", "17": "2", "18": "2", "19": "1", "20": "1", "21": "1", "22": "1", "23": "1", "24": "2", "25": "1", "26": "1", "27": "2", "28": "1", "29": "2", "30": "1", "31": "2", "32": "1", "33": "1"}, "target": 5}