{"edges": [[0, 1], [2, 1], [3, 1], [4, 1], [5, 1], [6, 7], [0, 7], [3, 7], [8, 9], [10, 9], [11, 9], [10, 12], [13, 12], [14, 12], [15, 12], [16, 17], [18, 17], [19, 17], [17, 16], [20, 16], [18, 16], [21, 16], [22, 16], [9, 8], [6, 8], [11, 8], [23, 8], [7, 6], [8, 6], [11, 6], [23, 6], [1, 0], [7, 0], [3, 0], [9, 10], [12, 10], [13, 10], [14, 10], [1, 2], [4, 2], [5, 2], [12, 13], [10, 13], [14, 13], [15, 13], [19, 13], [16, 20], [21, 20], [22, 20], [17, 18], [16, 18], [19, 18], [9, 11], [8, 11], [6, 11], [23, 11], [8, 23], [6, 23], [11, 23], [1, 3], [7, 3], [0, 3], [5, 3], [12, 14], [10, 14], [13, 14], [1, 4], [2, 4], [5, 4], [12, 15], [13, 15], [19, 15], [16, 21], [20, 21], [22, 21], [16, 22], [20, 22], [21, 22], [1, 5], [2, 5], [3, 5], [4, 5], [17, 19], [13, 19], [18, 19], [15, 19]], "labels": {"0": "2", "1": "1", "2": "2", "3": "2", "4": "2", "5": "2", "6": "2", "7": "1", "8": "2", "9": "1", "10": "2", "11": "2", "12": "1", "13": "2", "14": "2", "15": "2", "16": "1", "17": "1", "18": "2", "19": "2", "20": "2", "21": "2", "22": "2", "23": "2"}, "target": 1}