{"edges": [[0, 1], [2, 1], [3, 1], [4, 1], [5, 1], [1, 0], [6, 0], [2, 0], [0, 6], [7, 6], [8, 6], [9, 6], [6, 7], [10, 7], [11, 7], [12, 7], [7, 10], [11, 10], [13, 10], [7, 11], [10, 11], [13, 11], [14, 11], [15, 11], [8, 16], [13, 16], [12, 16], [9, 16], [14, 16], [6, 8], [16, 8], [2, 8], [12, 8], [9, 8], [17, 8], [1, 2], [0, 2], [8, 2], [9, 2], [17, 2], [10, 13], [11, 13], [16, 13], [18, 13], [12, 13], [14, 13], [15, 13], [1, 3], [4, 3], [5, 3], [13, 18], [15, 18], [19, 18], [20, 21], [22, 21], [23, 21], [21, 20], [22, 20], [23, 20], [19, 20], [7, 12], [16, 12], [8, 12], [13, 12], [9, 12], [14, 12], [6, 9], [16, 9], [8, 9], [2, 9], [12, 9], [17, 9], [8, 17], [2, 17], [9, 17], [5, 17], [11, 14], [16, 14], [13, 14], [12, 14], [1, 4], [3, 4], [5, 4], [11, 15], [13, 15], [18, 15], [19, 15], [21, 22], [20, 22], [23, 22], [21, 23], [20, 23], [22, 23], [1, 5], [3, 5], [17, 5], [4, 5], [18, 19], [20, 19], [15, 19]], "labels": {"0": "1", "1": "1", "2": "2", "3": "2", "4": "2", "5": "2", "6": "1", "7": "1", "8": "2", "9": "2", "10": "1", "11": "1", "12": "2", "13": "2", "14": "2", "15": "2", "16": "2", "17": "2", "18": "2", "19": "2", "20": "2", "21": "2", "22": "2", "23": "2"}, "target": 1}