{"edges": [[0, 1], [2, 1], [3, 4], [0, 4], [5, 4], [6, 7], [8, 7], [9, 7], [10, 7], [11, 12], [13, 12], [14, 12], [15, 12], [16, 17], [0, 17], [2, 17], [18, 17], [19, 20], [0, 20], [5, 20], [18, 20], [21, 20], [22, 23], [24, 23], [25, 23], [26, 23], [12, 11], [27, 11], [9, 11], [10, 11], [28, 11], [29, 11], [7, 6], [30, 6], [31, 6], [27, 6], [8, 6], [6, 30], [3, 30], [22, 30], [19, 30], [5, 30], [8, 30], [4, 3], [30, 3], [32, 3], [31, 3], [19, 3], [33, 3], [0, 3], [12, 13], [34, 13], [35, 13], [10, 13], [3, 32], [19, 32], [36, 32], [13, 34], [27, 34], [15, 34], [37, 34], [38, 39], [40, 39], [41, 39], [39, 38], [42, 38], [40, 38], [43, 38], [41, 38], [23, 22], [30, 22], [31, 22], [27, 22], [24, 22], [6, 31], [3, 31], [22, 31], [19, 31], [21, 31], [24, 31], [20, 19], [30, 19], [3, 19], [32, 19], [31, 19], [33, 19], [18, 19], [11, 27], [6, 27], [34, 27], [22, 27], [35, 27], [26, 27], [3, 33], [19, 33], [44, 33], [13, 35], [27, 35], [29, 35], [45, 35], [38, 42], [40, 42], [46, 42], [39, 40], [38, 40], [42, 40], [47, 40], [46, 40], [32, 36], [16, 36], [2, 36], [17, 16], [36, 16], [0, 16], [44, 16], [1, 0], [4, 0], [17, 0], [20, 0], [3, 0], [16, 0], [4, 5], [20, 5], [30, 5], [8, 5], [7, 8], [6, 8], [30, 8], [5, 8], [9, 8], [7, 9], [11, 9], [8, 9], [10, 9], [26, 9], [7, 10], [11, 10], [13, 10], [9, 10], [28, 10], [29, 10], [12, 14], [15, 14], [12, 15], [34, 15], [14, 15], [28, 15], [34, 37], [43, 37], [41, 37], [38, 43], [37, 43], [41, 43], [45, 43], [39, 41], [38, 41], [37, 41], [43, 41], [47, 41], [46, 41], [33, 44], [16, 44], [2, 44], [1, 2], [17, 2], [36, 2], [44, 2], [17, 18], [20, 18], [19, 18], [21, 18], [20, 21], [31, 21], [18, 21], [24, 21], [23, 24], [22, 24], [31, 24], [21, 24], [25, 24], [23, 25], [24, 25], [26, 25], [23, 26], [27, 26], [9, 26], [25, 26], [11, 28], [10, 28], [15, 28], [29, 28], [11, 29], [35, 29], [10, 29], [28, 29], [35, 45], [43, 45], [47, 45], [46, 45], [40, 47], [41, 47], [45, 47], [46, 47], [42, 46], [40, 46], [41, 46], [45, 46], [47, 46]], "labels": {"0": "3", "1": "1", "2": "3", "3": "2", "4": "1", "5": "3", "6": "2", "7": "1", "8": "3", "9": "3", "10": "3", "11": "1", "12": "1", "13": "2", "14": "3", "15": "3", "16": "3", "17": "1", "18": "3", "19": "2", "20": "1", "21": "3", "22": "2", "23": "1", "24": "3", "25": "3", "26": "3", "27": "2", "28": "3", "29": "3", "30": "2", "31": "2", "32": "2", "33": "2", "34": "2", "35": "2", "36": "3", "37": "3", "38": "2", "39": "2", "40": "2", "41": "3", "42": "2", "43": "3", "44": "3", "45": "3", "46": "3", "47": "3"}, "target": 1}