{"edges": [[0, 1], [2, 1], [3, 1], [4, 1], [5, 1], [0, 6], [5, 6], [7, 6], [8, 9], [10, 9], [11, 9], [12, 13], [14, 13], [11, 13], [15, 13], [16, 13], [9, 8], [17, 8], [10, 8], [7, 18], [19, 18], [17, 18], [1, 0], [6, 0], [5, 0], [13, 12], [11, 12], [15, 12], [1, 2], [3, 2], [4, 2], [13, 14], [15, 14], [16, 14], [20, 14], [21, 22], [23, 22], [24, 22], [20, 25], [26, 25], [21, 25], [1, 3], [2, 3], [4, 3], [1, 4], [2, 4], [3, 4], [5, 4], [1, 5], [6, 5], [0, 5], [4, 5], [6, 7], [18, 7], [19, 7], [18, 19], [7, 19], [17, 19], [8, 17], [18, 17], [19, 17], [10, 17], [9, 10], [8, 10], [17, 10], [9, 11], [13, 11], [12, 11], [13, 15], [12, 15], [14, 15], [16, 15], [13, 16], [14, 16], [15, 16], [14, 20], [25, 20], [26, 20], [21, 20], [25, 26], [20, 26], [21, 26], [22, 21], [25, 21], [20, 21], [26, 21], [23, 21], [24, 21], [22, 23], [21, 23], [24, 23], [22, 24], [21, 24], [23, 24]], "labels": {"0": "2", "1": "1", "2": "2", "3": "3", "4": "3", "5": "3", "6": "1", "7": "3", "8": "2", "9": "1", "10": "3", "11": "3", "12": "2", "13": "1", "14": "2", "15": "3", "16": "3", "17": "3", "18": "2", "19": "3", "20": "3", "21": "3", "22": "2", "23": "3", "24": "3", "25": "2", "26": "3"}, "target": 1}