{"edges": [[0, 1], [2, 1], [3, 1], [1, 0], [2, 0], [4, 0], [3, 0], [5, 0], [1, 2], [0, 2], [4, 2], [5, 2], [6, 2], [0, 4], [2, 4], [7, 4], [8, 4], [9, 4], [10, 4], [4, 7], [8, 7], [11, 7], [12, 7], [9, 7], [4, 8], [7, 8], [11, 8], [12, 8], [7, 11], [8, 11], [13, 11], [14, 11], [11, 13], [14, 13], [12, 13], [11, 14], [13, 14], [12, 14], [7, 12], [8, 12], [13, 12], [14, 12], [9, 12], [10, 12], [1, 3], [0, 3], [5, 3], [6, 3], [4, 9], [7, 9], [12, 9], [6, 9], [10, 9], [0, 5], [2, 5], [3, 5], [6, 5], [10, 5], [2, 6], [3, 6], [9, 6], [5, 6], [10, 6], [4, 10], [12, 10], [9, 10], [5, 10], [6, 10]], "labels": {"0": "1", "1": "1", "2": "1", "3": "2", "4": "1", "5": "2", "6": "2", "7": "1", "8": "1", "9": "2", "10": "2", "11": "1", "12": "2", "13": "2", "14": "2"}, "target": 1}