{"edges": [[0, 1], [2, 1], [3, 1], [1, 0], [4, 0], [5, 0], [6, 0], [2, 0], [0, 4], [5, 4], [7, 4], [8, 4], [9, 4], [0, 5], [4, 5], [7, 5], [8, 5], [10, 5], [4, 7], [5, 7], [11, 7], [12, 7], [10, 7], [13, 7], [7, 11], [12, 11], [14, 11], [15, 11], [16, 11], [7, 12], [11, 12], [14, 12], [15, 12], [16, 12], [11, 14], [12, 14], [15, 14], [11, 15], [12, 15], [14, 15], [17, 15], [18, 19], [20, 19], [21, 19], [0, 6], [2, 6], [3, 6], [8, 6], [22, 6], [9, 6], [1, 2], [0, 2], [6, 2], [3, 2], [22, 2], [1, 3], [6, 3], [2, 3], [4, 8], [5, 8], [6, 8], [10, 8], [13, 8], [22, 8], [9, 8], [5, 10], [7, 10], [8, 10], [13, 10], [16, 10], [9, 10], [7, 13], [8, 13], [10, 13], [16, 13], [11, 16], [12, 16], [10, 16], [13, 16], [6, 22], [2, 22], [8, 22], [9, 22], [4, 9], [6, 9], [8, 9], [10, 9], [22, 9], [23, 24], [17, 24], [25, 24], [24, 23], [26, 23], [17, 23], [25, 23], [19, 18], [27, 18], [28, 18], [20, 18], [21, 18], [18, 27], [28, 27], [26, 27], [20, 27], [21, 27], [18, 28], [27, 28], [26, 28], [23, 26], [27, 26], [28, 26], [25, 26], [15, 17], [24, 17], [23, 17], [25, 17], [24, 25], [23, 25], [26, 25], [17, 25], [19, 20], [18, 20], [27, 20], [21, 20], [19, 21], [18, 21], [27, 21], [20, 21]], "labels": {"0": "1", "1": "1", "2": "2", "3": "2", "4": "1", "5": "1", "6": "2", "7": "1", "8": "2", "9": "2", "10": "2", "11": "1", "12": "1", "13": "2", "14": "1", "15": "1", "16": "2", "17": "2", "18": "2", "19": "1", "20": "2", "21": "2", "22": "2", "23": "2", "24": "2", "25": "2", "26": "2", "27": "2", "28": "2"}, "target": 1}