{"edges": [[0, 1], [2, 1], [1, 0], [3, 0], [4, 0], [5, 6], [4, 6], [7, 6], [6, 5], [8, 5], [9, 5], [10, 11], [12, 11], [13, 11], [8, 11], [11, 10], [8, 10], [14, 10], [15, 16], [17, 16], [18, 16], [14, 16], [19, 16], [20, 16], [16, 15], [21, 15], [18, 15], [14, 15], [19, 15], [20, 15], [22, 23], [24, 23], [18, 23], [25, 23], [23, 22], [26, 22], [24, 22], [25, 22], [22, 26], [27, 26], [28, 26], [26, 27], [29, 27], [28, 27], [0, 3], [2, 3], [1, 2], [3, 2], [4, 2], [7, 2], [12, 30], [4, 30], [7, 30], [11, 12], [30, 12], [8, 12], [9, 12], [13, 31], [8, 31], [9, 31], [11, 13], [31, 13], [8, 13], [9, 13], [20, 13], [15, 21], [17, 21], [14, 21], [20, 21], [16, 17], [21, 17], [19, 17], [32, 33], [24, 33], [25, 33], [19, 33], [33, 32], [29, 32], [24, 32], [27, 29], [32, 29], [28, 29], [26, 28], [27, 28], [29, 28], [23, 24], [22, 24], [33, 24], [32, 24], [0, 4], [6, 4], [2, 4], [30, 4], [5, 8], [11, 8], [10, 8], [12, 8], [31, 8], [13, 8], [16, 18], [15, 18], [23, 18], [10, 14], [16, 14], [15, 14], [21, 14], [20, 14], [23, 25], [22, 25], [33, 25], [6, 7], [2, 7], [30, 7], [5, 9], [12, 9], [31, 9], [13, 9], [16, 19], [15, 19], [17, 19], [33, 19], [16, 20], [15, 20], [13, 20], [21, 20], [14, 20]], "labels": {"0": "1", "1": "1", "2": "1", "3": "1", "4": "2", "5": "1", "6": "1", "7": "2", "8": "2", "9": "2", "10": "1", "11": "1", "12": "1", "13": "1", "14": "2", "15": "1", "16": "1", "17": "1", "18": "2", "19": "2", "20": "2", "21": "1", "22": "1", "23": "1", "24": "2", "25": "2", "26": "1", "27": "1", "28": "1", "29": "1", "30": "1", "31": "1", "32": "1", "33": "1"}, "target": 1}