{"edges": [[0, 1], [2, 1], [3, 1], [1, 0], [2, 0], [4, 0], [5, 0], [6, 0], [1, 2], [0, 2], [7, 2], [5, 2], [8, 2], [2, 7], [9, 7], [10, 7], [8, 7], [11, 7], [7, 9], [10, 9], [12, 9], [11, 9], [7, 10], [9, 10], [12, 10], [13, 10], [9, 12], [10, 12], [14, 12], [13, 12], [12, 14], [15, 14], [16, 14], [14, 15], [16, 15], [17, 15], [18, 15], [14, 16], [15, 16], [17, 16], [19, 16], [18, 16], [15, 17], [16, 17], [20, 17], [17, 20], [21, 20], [0, 4], [22, 4], [23, 4], [3, 4], [24, 4], [4, 22], [23, 22], [25, 22], [4, 23], [22, 23], [26, 23], [25, 23], [27, 23], [23, 26], [28, 26], [29, 26], [27, 26], [30, 26], [26, 28], [29, 28], [31, 28], [30, 28], [26, 29], [28, 29], [31, 29], [32, 29], [28, 31], [29, 31], [33, 31], [34, 31], [32, 31], [31, 33], [35, 33], [36, 33], [33, 35], [36, 35], [19, 35], [18, 35], [37, 35], [38, 35], [33, 36], [35, 36], [19, 36], [37, 36], [16, 19], [35, 19], [36, 19], [39, 19], [19, 39], [21, 39], [3, 40], [41, 40], [42, 40], [1, 3], [4, 3], [40, 3], [41, 3], [43, 3], [40, 41], [3, 41], [44, 41], [43, 41], [45, 41], [41, 44], [46, 44], [47, 44], [45, 44], [48, 44], [44, 46], [47, 46], [49, 46], [48, 46], [44, 47], [46, 47], [49, 47], [50, 47], [46, 49], [47, 49], [34, 49], [50, 49], [31, 34], [49, 34], [51, 34], [52, 34], [34, 51], [52, 51], [53, 51], [38, 51], [34, 52], [51, 52], [53, 52], [38, 52], [51, 53], [52, 53], [21, 53], [20, 21], [39, 21], [53, 21], [0, 5], [2, 5], [6, 5], [24, 5], [42, 5], [0, 6], [5, 6], [25, 6], [43, 6], [2, 8], [7, 8], [11, 8], [7, 11], [9, 11], [8, 11], [13, 11], [27, 11], [32, 11], [45, 11], [50, 11], [10, 13], [12, 13], [11, 13], [30, 13], [48, 13], [15, 18], [16, 18], [35, 18], [38, 18], [22, 25], [23, 25], [6, 25], [4, 24], [5, 24], [23, 27], [26, 27], [11, 27], [26, 30], [28, 30], [13, 30], [29, 32], [31, 32], [11, 32], [35, 37], [36, 37], [38, 37], [3, 43], [41, 43], [6, 43], [40, 42], [5, 42], [41, 45], [44, 45], [11, 45], [44, 48], [46, 48], [13, 48], [47, 50], [49, 50], [11, 50], [35, 38], [51, 38], [52, 38], [18, 38], [37, 38]], "labels": {"0": "1", "1": "1", "2": "1", "3": "1", "4": "1", "5": "2", "6": "2", "7": "1", "8": "2", "9": "1", "10": "1", "11": "2", "12": "1", "13": "2", "14": "1", "15": "1", "16": "1", "17": "1", "18": "2", "19": "1", "20": "1", "21": "1", "22": "1", "23": "1", "24": "2", "25": "2", "26": "1", "27": "2", "28": "1", "29": "1", "30": "2", "31": "1", "32": "2", "33": "1", "34": "1", "35": "1", "36": "1", "37": "2", "38": "2", "39": "1", "40": "1", "41": "1", "42": "2", "43": "2", "44": "1", "45": "2", "46": "1", "47": "1", "48": "2", "49": "1", "50": "2", "51": "1", "52": "1", "53": "1"}, "target": 1}