{"edges": [[0, 1], [2, 1], [3, 1], [4, 5], [6, 5], [7, 5], [8, 5], [9, 5], [5, 4], [6, 4], [7, 4], [10, 4], [5, 6], [4, 6], [7, 6], [11, 6], [5, 7], [4, 7], [6, 7], [12, 7], [13, 7], [14, 7], [11, 7], [7, 12], [13, 12], [15, 12], [14, 12], [7, 13], [12, 13], [15, 13], [16, 13], [12, 15], [13, 15], [17, 15], [16, 15], [18, 15], [15, 17], [19, 17], [18, 17], [20, 17], [17, 19], [21, 19], [22, 19], [20, 19], [23, 19], [19, 21], [22, 21], [24, 21], [23, 21], [19, 22], [21, 22], [24, 22], [25, 22], [21, 24], [22, 24], [26, 24], [25, 24], [27, 28], [2, 28], [3, 28], [28, 27], [2, 27], [3, 27], [5, 8], [29, 8], [9, 8], [10, 8], [11, 8], [8, 29], [0, 29], [9, 29], [10, 29], [30, 29], [31, 29], [1, 0], [29, 0], [2, 0], [30, 0], [31, 0], [1, 2], [28, 2], [27, 2], [0, 2], [3, 2], [5, 9], [8, 9], [29, 9], [10, 9], [4, 10], [8, 10], [29, 10], [9, 10], [11, 10], [29, 30], [0, 30], [31, 30], [29, 31], [0, 31], [30, 31], [1, 3], [28, 3], [27, 3], [2, 3], [24, 26], [25, 26], [23, 26], [22, 25], [24, 25], [26, 25], [23, 25], [13, 16], [15, 16], [14, 16], [18, 16], [7, 14], [12, 14], [16, 14], [11, 14], [6, 11], [7, 11], [8, 11], [10, 11], [14, 11], [15, 18], [17, 18], [16, 18], [20, 18], [17, 20], [19, 20], [18, 20], [23, 20], [19, 23], [21, 23], [26, 23], [25, 23], [20, 23]], "labels": {"0": "2", "1": "1", "2": "2", "3": "2", "4": "1", "5": "1", "6": "1", "7": "1", "8": "2", "9": "2", "10": "2", "11": "2", "12": "1", "13": "1", "14": "2", "15": "1", "16": "2", "17": "1", "18": "2", "19": "1", "20": "2", "21": "1", "22": "1", "23": "2", "24": "1", "25": "2", "26": "2", "27": "2", "28": "2", "29": "2", "30": "2", "31": "2"}, "target": 1}