{"edges": [[0, 1], [2, 1], [3, 1], [1, 0], [4, 0], [5, 0], [3, 0], [6, 0], [0, 4], [5, 4], [7, 4], [6, 4], [8, 4], [0, 5], [4, 5], [7, 5], [9, 5], [8, 5], [4, 7], [5, 7], [9, 7], [10, 7], [11, 7], [5, 9], [7, 9], [10, 9], [11, 9], [12, 9], [7, 10], [9, 10], [13, 10], [14, 10], [12, 10], [10, 13], [15, 13], [16, 13], [14, 13], [13, 15], [16, 15], [17, 15], [18, 15], [13, 16], [15, 16], [17, 16], [18, 16], [19, 16], [15, 17], [16, 17], [18, 17], [19, 17], [15, 18], [16, 18], [17, 18], [20, 18], [21, 18], [18, 20], [22, 20], [23, 20], [21, 20], [24, 20], [20, 22], [23, 22], [25, 22], [24, 22], [26, 22], [20, 23], [22, 23], [25, 23], [27, 23], [28, 23], [26, 23], [22, 25], [23, 25], [27, 25], [28, 25], [23, 27], [25, 27], [28, 27], [23, 28], [25, 28], [27, 28], [1, 2], [3, 2], [6, 2], [1, 3], [0, 3], [2, 3], [6, 3], [0, 6], [4, 6], [2, 6], [3, 6], [8, 6], [4, 8], [5, 8], [6, 8], [11, 8], [12, 8], [10, 14], [13, 14], [19, 14], [11, 14], [12, 14], [16, 19], [17, 19], [14, 19], [21, 19], [18, 21], [20, 21], [19, 21], [24, 21], [26, 21], [20, 24], [22, 24], [21, 24], [26, 24], [22, 26], [23, 26], [21, 26], [24, 26], [7, 11], [9, 11], [8, 11], [14, 11], [12, 11], [9, 12], [10, 12], [8, 12], [14, 12], [11, 12]], "labels": {"0": "1", "1": "1", "2": "2", "3": "2", "4": "1", "5": "1", "6": "2", "7": "1", "8": "2", "9": "1", "10": "1", "11": "2", "12": "2", "13": "1", "14": "2", "15": "1", "16": "1", "17": "1", "18": "1", "19": "2", "20": "1", "21": "2", "22": "1", "23": "1", "24": "2", "25": "1", "26": "2", "27": "1", "28": "1"}, "target": 1}