{"edges": [[0, 1], [2, 1], [3, 1], [4, 1], [1, 0], [5, 0], [6, 0], [7, 0], [0, 5], [6, 5], [8, 5], [0, 6], [5, 6], [8, 6], [9, 6], [5, 8], [6, 8], [10, 8], [9, 8], [8, 10], [11, 10], [12, 10], [13, 10], [10, 11], [14, 11], [12, 11], [11, 14], [15, 14], [16, 14], [17, 14], [18, 19], [20, 19], [17, 19], [19, 18], [21, 18], [22, 18], [18, 21], [23, 21], [24, 21], [20, 21], [25, 21], [26, 21], [21, 23], [24, 23], [20, 23], [21, 24], [23, 24], [20, 24], [1, 2], [7, 2], [3, 2], [27, 2], [4, 2], [28, 29], [7, 29], [27, 29], [29, 28], [30, 28], [31, 28], [28, 30], [31, 30], [32, 30], [28, 31], [30, 31], [32, 31], [30, 32], [31, 32], [33, 32], [9, 32], [34, 32], [32, 33], [35, 33], [9, 33], [34, 33], [33, 35], [12, 35], [13, 35], [14, 15], [16, 15], [12, 15], [13, 15], [14, 16], [15, 16], [36, 16], [12, 16], [16, 36], [17, 36], [37, 36], [18, 22], [20, 22], [37, 22], [19, 20], [21, 20], [23, 20], [24, 20], [22, 20], [38, 20], [17, 20], [37, 20], [20, 38], [25, 38], [26, 38], [21, 25], [38, 25], [26, 25], [21, 26], [38, 26], [25, 26], [0, 7], [2, 7], [29, 7], [3, 7], [1, 3], [2, 3], [7, 3], [6, 9], [8, 9], [32, 9], [33, 9], [10, 12], [11, 12], [35, 12], [15, 12], [16, 12], [14, 17], [19, 17], [36, 17], [20, 17], [37, 17], [2, 27], [29, 27], [1, 4], [2, 4], [32, 34], [33, 34], [10, 13], [35, 13], [15, 13], [36, 37], [22, 37], [20, 37], [17, 37]], "labels": {"0": "1", "1": "1", "2": "1", "3": "2", "4": "2", "5": "1", "6": "1", "7": "2", "8": "1", "9": "2", "10": "1", "11": "1", "12": "2", "13": "2", "14": "1", "15": "1", "16": "1", "17": "2", "18": "1", "19": "1", "20": "1", "21": "1", "22": "1", "23": "1", "24": "1", "25": "1", "26": "1", "27": "2", "28": "1", "29": "1", "30": "1", "31": "1", "32": "1", "33": "1", "34": "2", "35": "1", "36": "1", "37": "2", "38": "1"}, "target": 1}