{"edges": [[0, 1], [2, 1], [1, 0], [3, 0], [4, 0], [0, 3], [5, 3], [6, 3], [7, 3], [8, 9], [10, 9], [6, 9], [9, 8], [11, 8], [12, 8], [13, 8], [14, 15], [16, 15], [17, 15], [12, 15], [13, 15], [15, 14], [11, 14], [18, 14], [19, 20], [18, 20], [21, 20], [20, 19], [18, 19], [22, 19], [23, 19], [21, 19], [24, 25], [22, 25], [26, 25], [27, 25], [25, 24], [28, 24], [26, 24], [27, 24], [24, 28], [29, 28], [30, 28], [28, 29], [31, 29], [30, 29], [0, 4], [2, 4], [1, 2], [4, 2], [10, 2], [9, 10], [2, 10], [6, 10], [7, 10], [3, 5], [16, 5], [6, 5], [7, 5], [15, 16], [5, 16], [12, 16], [13, 16], [8, 11], [14, 11], [17, 11], [12, 11], [13, 11], [15, 17], [11, 17], [21, 17], [32, 33], [18, 33], [21, 33], [33, 32], [18, 32], [22, 32], [23, 32], [21, 32], [34, 35], [26, 35], [27, 35], [23, 35], [35, 34], [31, 34], [26, 34], [27, 34], [29, 31], [34, 31], [30, 31], [28, 30], [29, 30], [31, 30], [14, 18], [20, 18], [19, 18], [33, 18], [32, 18], [21, 18], [19, 22], [25, 22], [32, 22], [23, 22], [8, 12], [15, 12], [16, 12], [11, 12], [13, 12], [3, 6], [9, 6], [10, 6], [5, 6], [7, 6], [25, 26], [24, 26], [35, 26], [34, 26], [27, 26], [25, 27], [24, 27], [35, 27], [34, 27], [26, 27], [3, 7], [10, 7], [5, 7], [6, 7], [8, 13], [15, 13], [16, 13], [11, 13], [12, 13], [19, 23], [32, 23], [35, 23], [22, 23], [20, 21], [19, 21], [17, 21], [33, 21], [32, 21], [18, 21]], "labels": {"0": "1", "1": "1", "2": "1", "3": "1", "4": "1", "5": "1", "6": "2", "7": "2", "8": "1", "9": "1", "10": "1", "11": "1", "12": "2", "13": "2", "14": "1", "15": "1", "16": "1", "17": "1", "18": "2", "19": "1", "20": "1", "21": "2", "22": "2", "23": "2", "24": "1", "25": "1", "26": "2", "27": "2", "28": "1", "29": "1", "30": "1", "31": "1", "32": "1", "33": "1", "34": "1", "35": "1"}, "target": 1}