{"edges": [[0, 1], [2, 1], [3, 1], [1, 0], [2, 0], [4, 0], [5, 0], [1, 2], [0, 2], [4, 2], [5, 2], [0, 4], [2, 4], [5, 4], [0, 5], [2, 5], [4, 5], [6, 7], [8, 7], [9, 7], [10, 11], [12, 11], [13, 11], [11, 10], [12, 10], [14, 10], [11, 12], [10, 12], [15, 12], [3, 16], [17, 16], [1, 3], [16, 3], [18, 3], [6, 19], [9, 19], [7, 6], [19, 6], [8, 6], [20, 6], [9, 6], [7, 8], [6, 8], [9, 8], [13, 8], [14, 8], [15, 8], [3, 18], [17, 18], [16, 17], [18, 17], [6, 20], [9, 20], [7, 9], [19, 9], [6, 9], [8, 9], [20, 9], [11, 13], [8, 13], [14, 13], [15, 13], [10, 14], [8, 14], [13, 14], [15, 14], [12, 15], [8, 15], [13, 15], [14, 15]], "labels": {"0": "1", "1": "1", "2": "1", "3": "2", "4": "1", "5": "1", "6": "2", "7": "1", "8": "2", "9": "2", "10": "1", "11": "1", "12": "1", "13": "2", "14": "2", "15": "2", "16": "2", "17": "2", "18": "2", "19": "2", "20": "2"}, "target": 1}