{"edges": [[0, 1], [2, 1], [3, 1], [1, 0], [4, 0], [3, 0], [5, 0], [0, 4], [6, 4], [7, 4], [5, 4], [4, 6], [7, 6], [8, 6], [4, 7], [6, 7], [8, 7], [9, 7], [10, 7], [6, 8], [7, 8], [9, 8], [11, 8], [7, 9], [8, 9], [11, 9], [8, 11], [9, 11], [12, 11], [10, 11], [11, 12], [13, 12], [14, 12], [15, 12], [10, 12], [12, 13], [14, 13], [15, 13], [10, 13], [12, 14], [13, 14], [15, 14], [16, 14], [12, 15], [13, 15], [14, 15], [16, 15], [14, 16], [15, 16], [17, 16], [16, 17], [18, 17], [19, 17], [17, 18], [19, 18], [20, 18], [17, 19], [18, 19], [20, 19], [21, 19], [18, 20], [19, 20], [21, 20], [19, 21], [20, 21], [22, 21], [23, 21], [21, 22], [24, 22], [25, 22], [26, 22], [27, 22], [22, 24], [25, 24], [28, 24], [22, 25], [24, 25], [28, 25], [29, 25], [24, 28], [25, 28], [29, 28], [30, 28], [1, 2], [3, 2], [5, 2], [1, 3], [0, 3], [2, 3], [5, 3], [22, 26], [23, 26], [31, 26], [27, 26], [21, 23], [26, 23], [31, 23], [27, 23], [0, 5], [4, 5], [2, 5], [3, 5], [7, 10], [11, 10], [12, 10], [13, 10], [29, 32], [30, 32], [33, 32], [25, 29], [28, 29], [32, 29], [30, 29], [33, 29], [26, 31], [23, 31], [27, 31], [22, 27], [26, 27], [23, 27], [31, 27], [28, 30], [32, 30], [29, 30], [33, 30], [32, 33], [29, 33], [30, 33]], "labels": {"0": "1", "1": "1", "2": "2", "3": "2", "4": "1", "5": "2", "6": "1", "7": "1", "8": "1", "9": "1", "10": "2", "11": "1", "12": "1", "13": "1", "14": "1", "15": "1", "16": "1", "17": "1", "18": "1", "19": "1", "20": "1", "21": "1", "22": "1", "23": "2", "24": "1", "25": "1", "26": "2", "27": "2", "28": "1", "29": "2", "30": "2", "31": "2", "32": "2", "33": "2"}, "target": 1}