{"edges": [[0, 1], [2, 1], [3, 1], [1, 0], [2, 0], [3, 0], [4, 0], [1, 2], [0, 2], [3, 2], [5, 2], [6, 2], [1, 3], [0, 3], [2, 3], [5, 3], [6, 3], [2, 5], [3, 5], [6, 5], [2, 6], [3, 6], [5, 6], [7, 6], [8, 6], [6, 7], [9, 7], [10, 7], [11, 7], [12, 7], [7, 9], [10, 9], [13, 9], [14, 9], [15, 9], [7, 10], [9, 10], [13, 10], [14, 10], [16, 10], [9, 13], [10, 13], [14, 13], [17, 13], [16, 13], [9, 14], [10, 14], [13, 14], [17, 14], [18, 14], [19, 14], [13, 17], [14, 17], [18, 17], [20, 17], [19, 17], [14, 18], [17, 18], [20, 18], [21, 18], [17, 20], [18, 20], [21, 20], [22, 20], [6, 8], [23, 8], [24, 8], [12, 8], [25, 26], [27, 26], [4, 26], [7, 11], [24, 11], [12, 11], [16, 11], [15, 11], [26, 25], [27, 25], [4, 25], [26, 27], [25, 27], [4, 27], [8, 23], [24, 23], [12, 23], [0, 4], [26, 4], [25, 4], [27, 4], [8, 24], [11, 24], [23, 24], [12, 24], [7, 12], [8, 12], [11, 12], [23, 12], [24, 12], [15, 12], [14, 19], [17, 19], [16, 19], [15, 19], [21, 19], [22, 19], [10, 16], [13, 16], [11, 16], [19, 16], [15, 16], [21, 16], [9, 15], [11, 15], [12, 15], [19, 15], [16, 15], [18, 21], [20, 21], [19, 21], [16, 21], [22, 21], [20, 22], [19, 22], [21, 22]], "labels": {"0": "1", "1": "1", "2": "1", "3": "1", "4": "2", "5": "1", "6": "1", "7": "1", "8": "2", "9": "1", "10": "1", "11": "2", "12": "2", "13": "1", "14": "1", "15": "2", "16": "2", "17": "1", "18": "1", "19": "2", "20": "1", "21": "2", "22": "2", "23": "2", "24": "2", "25": "2", "26": "2", "27": "2"}, "target": 1}