{"edges": [[0, 1], [2, 1], [3, 1], [4, 1], [1, 0], [5, 0], [6, 0], [4, 0], [0, 5], [6, 5], [7, 5], [4, 5], [0, 6], [5, 6], [7, 6], [5, 7], [6, 7], [8, 7], [9, 10], [11, 10], [12, 10], [10, 9], [13, 9], [11, 9], [12, 9], [9, 13], [12, 13], [14, 13], [14, 15], [16, 15], [17, 15], [18, 19], [20, 19], [21, 19], [19, 18], [22, 18], [23, 18], [20, 18], [21, 18], [18, 22], [24, 22], [23, 22], [22, 24], [23, 24], [25, 24], [26, 27], [25, 27], [28, 27], [29, 27], [27, 26], [30, 26], [25, 26], [28, 26], [29, 26], [26, 30], [31, 30], [32, 30], [29, 30], [33, 34], [35, 34], [31, 34], [32, 34], [34, 33], [35, 33], [31, 33], [34, 35], [33, 35], [31, 35], [1, 2], [3, 2], [4, 2], [36, 37], [38, 37], [39, 37], [8, 37], [11, 37], [37, 36], [38, 36], [39, 36], [8, 36], [37, 38], [36, 38], [8, 38], [18, 23], [22, 23], [24, 23], [37, 39], [36, 39], [11, 39], [1, 3], [2, 3], [4, 3], [1, 4], [0, 4], [5, 4], [2, 4], [3, 4], [7, 8], [37, 8], [36, 8], [38, 8], [10, 11], [9, 11], [37, 11], [39, 11], [19, 20], [18, 20], [21, 20], [40, 20], [19, 21], [18, 21], [20, 21], [40, 21], [10, 12], [9, 12], [13, 12], [14, 12], [13, 14], [15, 14], [12, 14], [15, 16], [41, 16], [17, 16], [20, 40], [21, 40], [41, 40], [16, 41], [40, 41], [17, 41], [15, 17], [16, 17], [41, 17], [24, 25], [27, 25], [26, 25], [28, 25], [27, 28], [26, 28], [25, 28], [30, 31], [34, 31], [33, 31], [35, 31], [32, 31], [30, 32], [34, 32], [31, 32], [29, 32], [27, 29], [26, 29], [30, 29], [32, 29]], "labels": {"0": "1", "1": "1", "2": "2", "3": "2", "4": "2", "5": "1", "6": "1", "7": "1", "8": "2", "9": "1", "10": "1", "11": "2", "12": "2", "13": "1", "14": "2", "15": "1", "16": "2", "17": "2", "18": "1", "19": "1", "20": "2", "21": "2", "22": "1", "23": "2", "24": "1", "25": "2", "26": "1", "27": "1", "28": "2", "29": "2", "30": "1", "31": "2", "32": "2", "33": "1", "34": "1", "35": "1", "36": "2", "37": "2", "38": "2", "39": "2", "40": "2", "41": "2"}, "target": 1}