{"edges": [[0, 1], [2, 1], [3, 1], [4, 1], [1, 0], [5, 0], [6, 0], [3, 0], [0, 5], [7, 5], [6, 5], [8, 5], [9, 5], [5, 7], [10, 7], [11, 7], [12, 7], [7, 10], [13, 10], [14, 10], [11, 10], [15, 10], [14, 16], [17, 16], [18, 16], [19, 20], [2, 20], [4, 20], [20, 19], [21, 19], [2, 19], [4, 19], [22, 19], [19, 21], [23, 21], [13, 21], [9, 21], [22, 21], [21, 23], [13, 23], [24, 23], [9, 23], [25, 23], [10, 13], [21, 13], [23, 13], [24, 13], [26, 13], [27, 13], [15, 13], [28, 13], [23, 24], [13, 24], [26, 24], [27, 24], [11, 24], [29, 24], [15, 24], [13, 26], [24, 26], [27, 26], [18, 26], [13, 27], [24, 27], [26, 27], [10, 14], [16, 14], [17, 14], [18, 14], [7, 11], [10, 11], [24, 11], [12, 11], [28, 11], [1, 2], [20, 2], [19, 2], [3, 2], [22, 2], [0, 6], [5, 6], [3, 6], [1, 3], [0, 3], [2, 3], [6, 3], [4, 3], [9, 3], [16, 17], [14, 17], [29, 17], [5, 8], [12, 8], [28, 8], [7, 12], [11, 12], [8, 12], [15, 12], [25, 12], [28, 12], [24, 29], [17, 29], [18, 29], [10, 15], [13, 15], [24, 15], [12, 15], [28, 15], [1, 4], [20, 4], [19, 4], [3, 4], [22, 4], [5, 9], [21, 9], [23, 9], [3, 9], [19, 22], [21, 22], [2, 22], [4, 22], [16, 18], [26, 18], [14, 18], [29, 18], [23, 25], [12, 25], [28, 25], [13, 28], [11, 28], [8, 28], [12, 28], [15, 28], [25, 28]], "labels": {"0": "1", "1": "1", "2": "2", "3": "2", "4": "2", "5": "1", "6": "2", "7": "1", "8": "2", "9": "2", "10": "1", "11": "2", "12": "2", "13": "1", "14": "2", "15": "2", "16": "1", "17": "2", "18": "2", "19": "1", "20": "1", "21": "1", "22": "2", "23": "1", "24": "1", "25": "2", "26": "1", "27": "1", "28": "2", "29": "2"}, "target": 1}