{"edges": [[0, 1], [2, 1], [3, 1], [2, 4], [5, 4], [6, 4], [7, 8], [9, 8], [5, 8], [6, 8], [8, 7], [10, 7], [9, 7], [6, 7], [11, 12], [10, 12], [13, 12], [12, 11], [10, 11], [13, 11], [7, 10], [12, 10], [11, 10], [13, 10], [8, 9], [7, 9], [5, 9], [6, 9], [1, 0], [2, 0], [3, 0], [1, 2], [4, 2], [0, 2], [3, 2], [5, 2], [1, 3], [0, 3], [2, 3], [12, 13], [11, 13], [10, 13], [4, 5], [8, 5], [9, 5], [2, 5], [6, 5], [4, 6], [8, 6], [7, 6], [9, 6], [5, 6]], "labels": {"0": "2", "1": "1", "2": "2", "3": "2", "4": "1", "5": "2", "6": "2", "7": "1", "8": "1", "9": "2", "10": "2", "11": "1", "12": "1", "13": "2"}, "target": 1}