{"edges": [[0, 1], [2, 1], [1, 0], [3, 0], [4, 0], [5, 0], [6, 0], [0, 3], [2, 3], [7, 3], [8, 3], [1, 2], [3, 2], [7, 2], [9, 2], [0, 4], [7, 4], [10, 4], [3, 7], [2, 7], [4, 7], [11, 7], [12, 13], [0, 5], [12, 5], [14, 5], [15, 5], [0, 6], [16, 6], [17, 6], [18, 6], [13, 12], [5, 12], [19, 12], [8, 12], [20, 12], [10, 12], [16, 21], [6, 16], [21, 16], [9, 16], [22, 16], [11, 16], [23, 16], [18, 16], [12, 19], [14, 19], [3, 8], [12, 8], [14, 8], [2, 9], [16, 9], [17, 9], [5, 14], [19, 14], [8, 14], [16, 22], [17, 22], [6, 17], [9, 17], [22, 17], [18, 17], [12, 20], [15, 20], [4, 10], [12, 10], [15, 10], [7, 11], [16, 11], [18, 11], [5, 15], [20, 15], [10, 15], [16, 23], [18, 23], [6, 18], [16, 18], [17, 18], [11, 18], [23, 18]], "labels": {"0": "1", "1": "1", "2": "1", "3": "1", "4": "1", "5": "2", "6": "2", "7": "1", "8": "2", "9": "2", "10": "2", "11": "2", "12": "2", "13": "2", "14": "2", "15": "2", "16": "2", "17": "2", "18": "2", "19": "2", "20": "2", "21": "2", "22": "2", "23": "2"}, "target": 1}