{"edges": [[0, 1], [2, 1], [3, 1], [1, 0], [2, 0], [3, 0], [4, 0], [5, 6], [7, 6], [8, 6], [4, 6], [6, 5], [7, 5], [8, 5], [6, 7], [5, 7], [9, 7], [8, 7], [7, 9], [10, 9], [11, 9], [12, 9], [9, 10], [11, 10], [12, 10], [9, 11], [10, 11], [12, 11], [9, 12], [10, 12], [11, 12], [13, 12], [14, 12], [15, 12], [16, 12], [17, 18], [19, 18], [15, 18], [16, 18], [20, 18], [18, 17], [19, 17], [13, 17], [14, 17], [16, 17], [20, 17], [18, 19], [17, 19], [20, 19], [12, 13], [17, 13], [14, 13], [15, 13], [12, 14], [17, 14], [13, 14], [15, 14], [16, 14], [1, 2], [0, 2], [3, 2], [1, 3], [0, 3], [2, 3], [4, 3], [6, 8], [5, 8], [7, 8], [0, 4], [6, 4], [3, 4], [12, 15], [18, 15], [13, 15], [14, 15], [16, 15], [12, 16], [18, 16], [17, 16], [14, 16], [15, 16], [18, 20], [17, 20], [19, 20]], "labels": {"0": "1", "1": "1", "2": "3", "3": "3", "4": "3", "5": "1", "6": "1", "7": "1", "8": "3", "9": "1", "10": "1", "11": "1", "12": "1", "13": "2", "14": "2", "15": "3", "16": "3", "17": "1", "18": "1", "19": "1", "20": "3"}, "target": 1}