{"edges": [[0, 1], [2, 1], [3, 1], [1, 0], [2, 0], [3, 0], [1, 2], [0, 2], [3, 2], [4, 2], [5, 2], [1, 3], [0, 3], [2, 3], [4, 3], [6, 3], [5, 3], [2, 4], [3, 4], [6, 4], [5, 4], [3, 6], [4, 6], [7, 6], [5, 6], [8, 6], [6, 7], [9, 7], [10, 7], [11, 7], [8, 7], [7, 9], [10, 9], [11, 9], [7, 10], [9, 10], [11, 10], [12, 10], [13, 10], [7, 11], [9, 11], [10, 11], [12, 11], [13, 11], [14, 11], [10, 12], [11, 12], [15, 12], [14, 12], [16, 12], [12, 15], [17, 15], [18, 15], [19, 15], [20, 15], [15, 17], [18, 17], [19, 17], [21, 17], [15, 18], [17, 18], [19, 18], [21, 18], [15, 19], [17, 19], [18, 19], [21, 19], [17, 21], [18, 21], [19, 21], [2, 5], [3, 5], [4, 5], [6, 5], [8, 5], [6, 8], [7, 8], [5, 8], [13, 8], [14, 8], [10, 13], [11, 13], [8, 13], [14, 13], [16, 13], [11, 14], [12, 14], [8, 14], [13, 14], [16, 14], [22, 14], [20, 14], [12, 16], [13, 16], [14, 16], [22, 16], [20, 16], [14, 22], [16, 22], [20, 22], [15, 20], [14, 20], [16, 20], [22, 20]], "labels": {"0": "1", "1": "1", "2": "1", "3": "1", "4": "1", "5": "2", "6": "1", "7": "1", "8": "2", "9": "1", "10": "1", "11": "1", "12": "1", "13": "2", "14": "2", "15": "1", "16": "2", "17": "1", "18": "1", "19": "1", "20": "2", "21": "1", "22": "2"}, "target": 1}