{"edges": [[0, 1], [2, 1], [3, 1], [4, 1], [1, 0], [2, 0], [3, 0], [4, 0], [1, 2], [0, 2], [3, 2], [4, 2], [1, 3], [0, 3], [2, 3], [5, 3], [6, 3], [7, 3], [3, 5], [6, 5], [8, 5], [7, 5], [3, 6], [5, 6], [8, 6], [9, 6], [5, 8], [6, 8], [7, 8], [9, 8], [3, 7], [5, 7], [8, 7], [9, 7], [6, 9], [8, 9], [7, 9], [10, 9], [9, 10], [11, 10], [12, 10], [10, 11], [12, 11], [13, 11], [10, 12], [11, 12], [13, 12], [14, 12], [11, 13], [12, 13], [14, 13], [15, 13], [12, 14], [13, 14], [15, 14], [13, 15], [14, 15], [16, 15], [17, 15], [18, 15], [15, 16], [17, 16], [19, 16], [20, 16], [21, 16], [15, 17], [16, 17], [19, 17], [20, 17], [16, 19], [17, 19], [20, 19], [22, 19], [16, 20], [17, 20], [19, 20], [22, 20], [1, 4], [0, 4], [2, 4], [19, 22], [20, 22], [18, 22], [23, 22], [21, 22], [15, 18], [22, 18], [23, 18], [21, 18], [22, 23], [18, 23], [21, 23], [16, 21], [22, 21], [18, 21], [23, 21]], "labels": {"0": "1", "1": "1", "2": "1", "3": "1", "4": "2", "5": "1", "6": "1", "7": "1", "8": "1", "9": "1", "10": "1", "11": "1", "12": "1", "13": "1", "14": "1", "15": "1", "16": "1", "17": "1", "18": "2", "19": "1", "20": "1", "21": "2", "22": "2", "23": "2"}, "target": 1}