{"edges": [[0, 1], [2, 1], [3, 1], [1, 0], [2, 0], [4, 0], [3, 0], [1, 2], [0, 2], [4, 2], [3, 2], [5, 2], [0, 4], [2, 4], [6, 4], [7, 4], [5, 4], [4, 6], [7, 6], [5, 6], [4, 7], [6, 7], [5, 7], [8, 7], [9, 10], [11, 10], [8, 10], [10, 9], [11, 9], [12, 9], [8, 9], [10, 11], [9, 11], [12, 11], [13, 11], [14, 11], [9, 12], [11, 12], [13, 12], [14, 12], [15, 12], [11, 13], [12, 13], [16, 13], [15, 13], [17, 13], [13, 16], [18, 16], [19, 16], [20, 16], [16, 18], [19, 18], [21, 18], [20, 18], [16, 19], [18, 19], [21, 19], [22, 19], [20, 19], [18, 21], [19, 21], [22, 21], [1, 3], [0, 3], [2, 3], [19, 22], [21, 22], [20, 22], [2, 5], [4, 5], [6, 5], [7, 5], [7, 8], [10, 8], [9, 8], [11, 14], [12, 14], [15, 14], [17, 14], [12, 15], [13, 15], [14, 15], [17, 15], [23, 15], [13, 17], [14, 17], [15, 17], [23, 17], [20, 17], [15, 23], [17, 23], [20, 23], [16, 20], [18, 20], [19, 20], [22, 20], [17, 20], [23, 20]], "labels": {"0": "1", "1": "1", "2": "1", "3": "2", "4": "1", "5": "2", "6": "1", "7": "1", "8": "2", "9": "1", "10": "1", "11": "1", "12": "1", "13": "1", "14": "2", "15": "2", "16": "1", "17": "2", "18": "1", "19": "1", "20": "2", "21": "1", "22": "2", "23": "2"}, "target": 1}