{"edges": [[0, 1], [2, 1], [3, 1], [0, 4], [5, 4], [2, 4], [6, 4], [7, 8], [9, 8], [10, 8], [8, 7], [9, 7], [11, 7], [8, 9], [7, 9], [11, 9], [12, 9], [7, 11], [9, 11], [12, 11], [13, 11], [14, 11], [9, 12], [11, 12], [13, 12], [14, 12], [11, 13], [12, 13], [14, 13], [15, 13], [11, 14], [12, 14], [13, 14], [16, 14], [15, 14], [17, 14], [14, 16], [18, 16], [17, 16], [16, 18], [19, 18], [17, 18], [20, 18], [18, 19], [20, 19], [21, 19], [22, 23], [24, 23], [25, 23], [21, 23], [23, 22], [24, 22], [25, 22], [21, 22], [23, 24], [22, 24], [25, 24], [23, 25], [22, 25], [24, 25], [26, 25], [25, 26], [27, 26], [28, 26], [29, 26], [26, 27], [28, 27], [29, 27], [26, 28], [27, 28], [29, 28], [26, 29], [27, 29], [28, 29], [1, 0], [4, 0], [5, 0], [3, 0], [4, 5], [0, 5], [30, 5], [2, 5], [6, 5], [31, 5], [3, 5], [5, 30], [10, 30], [6, 30], [31, 30], [8, 10], [30, 10], [31, 10], [13, 15], [14, 15], [17, 15], [14, 17], [16, 17], [18, 17], [15, 17], [18, 20], [19, 20], [21, 20], [19, 21], [23, 21], [22, 21], [20, 21], [1, 2], [4, 2], [5, 2], [3, 2], [4, 6], [5, 6], [30, 6], [31, 6], [5, 31], [30, 31], [10, 31], [6, 31], [1, 3], [0, 3], [5, 3], [2, 3]], "labels": {"0": "2", "1": "1", "2": "2", "3": "2", "4": "1", "5": "2", "6": "2", "7": "1", "8": "1", "9": "1", "10": "2", "11": "1", "12": "1", "13": "1", "14": "1", "15": "2", "16": "1", "17": "2", "18": "1", "19": "1", "20": "2", "21": "2", "22": "1", "23": "1", "24": "1", "25": "1", "26": "1", "27": "1", "28": "1", "29": "1", "30": "2", "31": "2"}, "target": 1}