{"edges": [[0, 1], [2, 1], [3, 1], [1, 0], [2, 0], [3, 0], [1, 2], [0, 2], [3, 2], [4, 2], [5, 2], [6, 2], [1, 3], [0, 3], [2, 3], [4, 3], [5, 3], [6, 3], [7, 3], [2, 4], [3, 4], [5, 4], [8, 4], [7, 4], [2, 5], [3, 5], [4, 5], [8, 5], [9, 5], [4, 8], [5, 8], [10, 8], [11, 8], [12, 8], [8, 10], [13, 10], [14, 10], [15, 10], [12, 10], [10, 13], [14, 13], [16, 13], [15, 13], [10, 14], [13, 14], [16, 14], [17, 14], [13, 16], [14, 16], [17, 16], [18, 16], [14, 17], [16, 17], [18, 17], [16, 18], [17, 18], [19, 18], [18, 19], [20, 19], [21, 19], [22, 19], [19, 20], [21, 20], [23, 20], [22, 20], [24, 20], [19, 21], [20, 21], [23, 21], [25, 21], [26, 21], [24, 21], [20, 23], [21, 23], [25, 23], [26, 23], [21, 25], [23, 25], [27, 25], [28, 25], [25, 27], [29, 27], [30, 27], [28, 27], [27, 29], [30, 29], [31, 29], [27, 30], [29, 30], [31, 30], [32, 30], [29, 31], [30, 31], [32, 31], [33, 31], [30, 32], [31, 32], [33, 32], [34, 32], [31, 33], [32, 33], [34, 33], [35, 33], [36, 33], [32, 34], [33, 34], [35, 34], [36, 34], [33, 35], [34, 35], [36, 35], [33, 36], [34, 36], [35, 36], [2, 6], [3, 6], [7, 6], [11, 6], [9, 6], [3, 7], [4, 7], [6, 7], [11, 7], [9, 7], [8, 11], [6, 11], [7, 11], [9, 11], [15, 11], [12, 11], [5, 9], [6, 9], [7, 9], [11, 9], [15, 9], [12, 9], [10, 15], [13, 15], [11, 15], [9, 15], [12, 15], [8, 12], [10, 12], [11, 12], [9, 12], [15, 12], [21, 26], [23, 26], [28, 26], [22, 26], [24, 26], [25, 28], [27, 28], [26, 28], [22, 28], [24, 28], [19, 22], [20, 22], [26, 22], [28, 22], [24, 22], [20, 24], [21, 24], [26, 24], [28, 24], [22, 24]], "labels": {"0": "1", "1": "1", "2": "1", "3": "1", "4": "1", "5": "1", "6": "2", "7": "2", "8": "1", "9": "2", "10": "1", "11": "2", "12": "2", "13": "1", "14": "1", "15": "2", "16": "1", "17": "1", "18": "1", "19": "1", "20": "1", "21": "1", "22": "2", "23": "1", "24": "2", "25": "1", "26": "2", "27": "1", "28": "2", "29": "1", "30": "1", "31": "1", "32": "1", "33": "1", "34": "1", "35": "1", "36": "1"}, "target": 6}