{"edges": [[0, 1], [2, 1], [1, 0], [3, 0], [4, 5], [6, 5], [5, 4], [6, 4], [7, 4], [5, 6], [4, 6], [7, 6], [4, 7], [6, 7], [8, 7], [7, 8], [9, 8], [10, 8], [11, 8], [8, 9], [12, 9], [13, 9], [9, 12], [14, 12], [15, 12], [12, 14], [15, 14], [16, 14], [12, 15], [14, 15], [16, 15], [14, 16], [15, 16], [17, 16], [18, 16], [16, 17], [18, 17], [19, 17], [16, 18], [17, 18], [19, 18], [20, 18], [17, 19], [18, 19], [20, 19], [18, 20], [19, 20], [21, 20], [22, 20], [20, 21], [23, 21], [24, 21], [25, 21], [26, 21], [21, 23], [24, 23], [22, 23], [21, 24], [23, 24], [22, 24], [0, 3], [2, 3], [1, 2], [3, 2], [27, 28], [29, 28], [28, 27], [29, 27], [10, 27], [28, 29], [27, 29], [10, 29], [13, 29], [8, 10], [27, 10], [29, 10], [13, 10], [9, 13], [29, 13], [10, 13], [11, 13], [8, 11], [13, 11], [30, 11], [11, 30], [31, 30], [32, 30], [30, 31], [32, 31], [33, 31], [30, 32], [31, 32], [33, 32], [31, 33], [32, 33], [34, 33], [35, 33], [33, 34], [35, 34], [36, 34], [33, 35], [34, 35], [36, 35], [37, 35], [34, 36], [35, 36], [37, 36], [35, 37], [36, 37], [22, 37], [20, 22], [23, 22], [24, 22], [37, 22], [25, 22], [26, 22], [21, 25], [22, 25], [26, 25], [21, 26], [22, 26], [25, 26]], "labels": {"0": "2", "1": "2", "2": "2", "3": "2", "4": "3", "5": "2", "6": "3", "7": "3", "8": "4", "9": "3", "10": "4", "11": "3", "12": "3", "13": "4", "14": "3", "15": "3", "16": "4", "17": "3", "18": "4", "19": "3", "20": "4", "21": "5", "22": "6", "23": "3", "24": "3", "25": "3", "26": "3", "27": "3", "28": "2", "29": "4", "30": "3", "31": "3", "32": "3", "33": "4", "34": "3", "35": "4", "36": "3", "37": "3"}, "target": 1}