{"edges": [[0, 1], [2, 1], [1, 0], [3, 0], [4, 0], [0, 3], [5, 3], [6, 3], [3, 5], [7, 5], [8, 5], [5, 7], [9, 7], [10, 7], [7, 9], [11, 9], [12, 9], [13, 9], [9, 11], [14, 11], [15, 11], [10, 11], [16, 11], [11, 14], [15, 14], [16, 14], [17, 14], [11, 15], [14, 15], [18, 15], [16, 15], [19, 15], [17, 15], [20, 15], [15, 18], [21, 18], [22, 18], [23, 18], [19, 18], [18, 21], [22, 21], [24, 21], [18, 22], [21, 22], [25, 22], [26, 22], [22, 25], [27, 25], [26, 25], [0, 4], [2, 4], [1, 2], [4, 2], [8, 2], [5, 8], [2, 8], [6, 8], [3, 6], [8, 6], [12, 6], [9, 12], [6, 12], [10, 12], [7, 10], [11, 10], [12, 10], [13, 10], [9, 13], [10, 13], [28, 13], [29, 13], [17, 13], [13, 28], [29, 28], [17, 28], [13, 29], [28, 29], [24, 29], [20, 29], [21, 24], [29, 24], [23, 24], [27, 24], [20, 24], [18, 23], [24, 23], [27, 23], [25, 27], [24, 27], [23, 27], [26, 27], [22, 26], [25, 26], [27, 26], [11, 16], [14, 16], [15, 16], [19, 16], [20, 16], [15, 19], [18, 19], [16, 19], [20, 19], [14, 17], [15, 17], [13, 17], [28, 17], [15, 20], [29, 20], [24, 20], [16, 20], [19, 20]], "labels": {"0": "1", "1": "1", "2": "1", "3": "1", "4": "1", "5": "1", "6": "1", "7": "1", "8": "1", "9": "1", "10": "1", "11": "1", "12": "1", "13": "1", "14": "1", "15": "1", "16": "2", "17": "2", "18": "1", "19": "2", "20": "2", "21": "1", "22": "1", "23": "1", "24": "1", "25": "1", "26": "1", "27": "1", "28": "1", "29": "1"}, "target": 1}