{"edges": [[0, 1], [2, 1], [1, 0], [3, 0], [4, 0], [0, 3], [5, 3], [6, 3], [3, 5], [7, 5], [8, 5], [9, 5], [5, 7], [10, 7], [6, 7], [11, 7], [7, 10], [12, 10], [9, 10], [10, 12], [13, 12], [14, 12], [12, 13], [14, 13], [15, 13], [12, 14], [13, 14], [15, 14], [16, 14], [17, 18], [19, 18], [15, 18], [16, 18], [18, 17], [19, 17], [20, 17], [15, 17], [16, 17], [18, 19], [17, 19], [20, 19], [15, 19], [17, 20], [19, 20], [21, 20], [22, 20], [23, 24], [25, 24], [26, 24], [21, 24], [22, 24], [24, 23], [25, 23], [26, 23], [24, 25], [23, 25], [26, 25], [24, 26], [23, 26], [25, 26], [0, 4], [2, 4], [1, 2], [4, 2], [8, 2], [5, 8], [2, 8], [6, 8], [3, 6], [7, 6], [8, 6], [9, 6], [5, 9], [10, 9], [6, 9], [11, 9], [7, 11], [9, 11], [27, 11], [11, 27], [28, 27], [29, 27], [27, 28], [29, 28], [30, 28], [27, 29], [28, 29], [30, 29], [31, 29], [16, 29], [28, 30], [29, 30], [31, 30], [32, 30], [33, 30], [16, 30], [29, 31], [30, 31], [32, 31], [33, 31], [30, 32], [31, 32], [33, 32], [30, 33], [31, 33], [32, 33], [34, 33], [22, 33], [33, 34], [35, 34], [36, 34], [37, 34], [22, 34], [34, 35], [36, 35], [37, 35], [34, 36], [35, 36], [37, 36], [34, 37], [35, 37], [36, 37], [13, 15], [14, 15], [18, 15], [17, 15], [19, 15], [20, 21], [24, 21], [22, 21], [14, 16], [18, 16], [17, 16], [29, 16], [30, 16], [20, 22], [24, 22], [33, 22], [34, 22], [21, 22]], "labels": {"0": "1", "1": "1", "2": "1", "3": "1", "4": "1", "5": "1", "6": "1", "7": "1", "8": "1", "9": "1", "10": "1", "11": "1", "12": "1", "13": "1", "14": "1", "15": "2", "16": "2", "17": "1", "18": "1", "19": "1", "20": "1", "21": "2", "22": "2", "23": "1", "24": "1", "25": "1", "26": "1", "27": "1", "28": "1", "29": "1", "30": "1", "31": "1", "32": "1", "33": "1", "34": "1", "35": "1", "36": "1", "37": "1"}, "target": 1}