{"edges": [[0, 1], [1, 0], [2, 0], [3, 0], [4, 0], [5, 0], [6, 0], [0, 2], [6, 2], [7, 2], [8, 9], [10, 9], [7, 9], [9, 8], [11, 8], [12, 8], [8, 11], [13, 11], [14, 11], [11, 13], [15, 13], [16, 13], [13, 15], [17, 15], [18, 15], [19, 15], [15, 17], [20, 17], [21, 17], [19, 17], [22, 17], [17, 20], [23, 20], [24, 20], [25, 20], [22, 20], [20, 23], [26, 23], [25, 23], [27, 28], [29, 28], [30, 28], [28, 27], [3, 27], [29, 27], [31, 27], [0, 3], [27, 3], [31, 3], [32, 3], [8, 12], [10, 12], [32, 12], [9, 10], [12, 10], [16, 10], [33, 10], [13, 16], [10, 16], [18, 16], [15, 18], [16, 18], [34, 18], [18, 34], [35, 34], [19, 34], [36, 34], [34, 35], [21, 35], [24, 35], [36, 35], [37, 35], [17, 21], [35, 21], [24, 21], [37, 21], [20, 24], [35, 24], [21, 24], [38, 39], [40, 39], [41, 39], [39, 38], [4, 38], [40, 38], [42, 38], [0, 4], [38, 4], [42, 4], [43, 4], [10, 33], [44, 33], [43, 33], [33, 44], [45, 44], [44, 45], [14, 45], [46, 45], [11, 14], [45, 14], [46, 14], [45, 46], [14, 46], [47, 46], [48, 46], [46, 47], [26, 47], [25, 47], [48, 47], [49, 47], [23, 26], [47, 26], [25, 26], [49, 26], [20, 25], [23, 25], [47, 25], [26, 25], [50, 51], [51, 50], [52, 50], [53, 50], [54, 50], [55, 50], [56, 50], [50, 52], [57, 52], [58, 52], [30, 52], [59, 52], [41, 52], [0, 5], [57, 5], [52, 57], [5, 57], [29, 57], [40, 57], [0, 6], [2, 6], [7, 6], [32, 6], [43, 6], [2, 7], [9, 7], [6, 7], [31, 7], [42, 7], [15, 19], [17, 19], [34, 19], [22, 19], [37, 19], [49, 19], [17, 22], [20, 22], [19, 22], [36, 22], [48, 22], [49, 22], [50, 53], [58, 53], [52, 58], [53, 58], [54, 58], [50, 54], [58, 54], [30, 54], [28, 29], [27, 29], [57, 29], [28, 30], [52, 30], [54, 30], [27, 31], [3, 31], [7, 31], [3, 32], [12, 32], [6, 32], [34, 36], [35, 36], [22, 36], [35, 37], [21, 37], [19, 37], [49, 37], [50, 55], [59, 55], [52, 59], [55, 59], [56, 59], [50, 56], [59, 56], [41, 56], [39, 40], [38, 40], [57, 40], [39, 41], [52, 41], [56, 41], [38, 42], [4, 42], [7, 42], [4, 43], [33, 43], [6, 43], [46, 48], [47, 48], [22, 48], [47, 49], [26, 49], [19, 49], [22, 49], [37, 49]], "labels": {"0": "1", "1": "1", "2": "1", "3": "1", "4": "1", "5": "2", "6": "2", "7": "2", "8": "1", "9": "1", "10": "1", "11": "1", "12": "1", "13": "1", "14": "1", "15": "1", "16": "1", "17": "1", "18": "1", "19": "2", "20": "1", "21": "1", "22": "2", "23": "1", "24": "1", "25": "1", "26": "1", "27": "1", "28": "1", "29": "2", "30": "2", "31": "2", "32": "2", "33": "1", "34": "1", "35": "1", "36": "2", "37": "2", "38": "1", "39": "1", "40": "2", "41": "2", "42": "2", "43": "2", "44": "1", "45": "1", "46": "1", "47": "1", "48": "2", "49": "2", "50": "2", "51": "2", "52": "2", "53": "2", "54": "2", "55": "2", "56": "2", "57": "2", "58": "2", "59": "2"}, "target": 1}