{"edges": [[0, 1], [2, 1], [3, 1], [1, 0], [2, 0], [3, 0], [1, 2], [0, 2], [3, 2], [4, 2], [5, 2], [1, 3], [0, 3], [2, 3], [4, 3], [5, 3], [6, 3], [2, 4], [3, 4], [5, 4], [6, 4], [2, 5], [3, 5], [4, 5], [6, 5], [3, 6], [4, 6], [5, 6], [7, 6], [6, 7], [8, 7], [9, 7], [7, 8], [9, 8], [10, 8], [11, 8], [12, 8], [7, 9], [8, 9], [10, 9], [11, 9], [8, 10], [9, 10], [13, 10], [14, 10], [15, 10], [11, 10], [12, 10], [10, 13], [14, 13], [15, 13], [10, 14], [13, 14], [15, 14], [10, 15], [13, 15], [14, 15], [8, 11], [9, 11], [10, 11], [12, 11], [8, 12], [10, 12], [11, 12]], "labels": {"0": "1", "1": "1", "2": "1", "3": "1", "4": "1", "5": "1", "6": "1", "7": "1", "8": "1", "9": "1", "10": "1", "11": "2", "12": "2", "13": "1", "14": "1", "15": "1"}, "target": 1}