{"edges": [[0, 1], [2, 1], [1, 0], [3, 0], [4, 0], [5, 0], [0, 3], [6, 3], [7, 3], [2, 3], [3, 6], [7, 6], [8, 6], [9, 6], [3, 7], [6, 7], [8, 7], [9, 7], [10, 7], [6, 8], [7, 8], [11, 8], [12, 8], [8, 11], [13, 11], [14, 11], [15, 11], [11, 13], [12, 13], [16, 13], [17, 18], [19, 18], [16, 18], [20, 18], [18, 17], [21, 17], [22, 17], [23, 17], [17, 21], [24, 21], [25, 21], [26, 21], [21, 24], [27, 24], [28, 24], [29, 24], [24, 27], [30, 27], [31, 27], [27, 30], [32, 30], [30, 32], [33, 32], [34, 32], [35, 32], [36, 32], [32, 33], [37, 33], [36, 33], [33, 37], [34, 37], [35, 37], [0, 4], [2, 4], [38, 4], [1, 2], [3, 2], [4, 2], [9, 2], [6, 9], [7, 9], [2, 9], [10, 9], [7, 10], [9, 10], [39, 10], [10, 39], [14, 39], [11, 14], [39, 14], [12, 14], [8, 12], [13, 12], [14, 12], [15, 12], [11, 15], [12, 15], [20, 15], [17, 22], [19, 22], [16, 22], [20, 22], [18, 19], [22, 19], [23, 19], [40, 19], [25, 41], [42, 41], [43, 41], [28, 44], [29, 44], [45, 44], [24, 28], [44, 28], [31, 28], [27, 31], [28, 31], [46, 31], [31, 46], [34, 46], [36, 46], [47, 46], [32, 34], [37, 34], [46, 34], [35, 34], [36, 34], [47, 34], [32, 35], [37, 35], [34, 35], [5, 48], [38, 48], [0, 5], [48, 5], [49, 5], [13, 16], [18, 16], [22, 16], [32, 36], [33, 36], [46, 36], [34, 36], [17, 23], [19, 23], [25, 23], [42, 23], [21, 25], [41, 25], [23, 25], [40, 25], [21, 26], [29, 26], [45, 26], [24, 29], [44, 29], [26, 29], [43, 29], [45, 29], [5, 49], [38, 49], [4, 38], [48, 38], [49, 38], [18, 20], [15, 20], [22, 20], [46, 47], [34, 47], [19, 40], [25, 40], [42, 40], [41, 42], [23, 42], [40, 42], [41, 43], [29, 43], [45, 43], [44, 45], [26, 45], [29, 45], [43, 45]], "labels": {"0": "1", "1": "1", "2": "1", "3": "1", "4": "1", "5": "2", "6": "1", "7": "1", "8": "1", "9": "1", "10": "1", "11": "1", "12": "1", "13": "1", "14": "1", "15": "1", "16": "2", "17": "1", "18": "1", "19": "1", "20": "2", "21": "1", "22": "1", "23": "2", "24": "1", "25": "2", "26": "2", "27": "1", "28": "1", "29": "2", "30": "1", "31": "1", "32": "1", "33": "1", "34": "1", "35": "1", "36": "2", "37": "1", "38": "2", "39": "1", "40": "2", "41": "1", "42": "2", "43": "2", "44": "1", "45": "2", "46": "1", "47": "2", "48": "2", "49": "2"}, "target": 1}