{"edges": [[0, 1], [2, 1], [1, 0], [3, 0], [4, 0], [0, 3], [5, 3], [6, 3], [3, 5], [7, 5], [8, 5], [9, 5], [5, 7], [6, 7], [10, 7], [11, 12], [13, 12], [14, 12], [15, 12], [12, 11], [16, 11], [13, 11], [17, 11], [18, 11], [0, 4], [2, 4], [1, 2], [4, 2], [8, 2], [5, 8], [2, 8], [6, 8], [3, 6], [7, 6], [8, 6], [9, 6], [5, 9], [6, 9], [19, 9], [11, 16], [13, 16], [20, 16], [21, 16], [22, 16], [12, 13], [11, 13], [16, 13], [23, 13], [24, 13], [7, 10], [25, 10], [26, 10], [27, 28], [29, 28], [10, 25], [30, 25], [31, 25], [19, 25], [32, 33], [20, 33], [15, 33], [33, 32], [34, 32], [35, 32], [12, 14], [36, 14], [37, 14], [14, 36], [38, 36], [21, 36], [36, 38], [18, 38], [25, 30], [31, 30], [35, 30], [26, 30], [16, 20], [33, 20], [15, 20], [39, 20], [32, 34], [35, 34], [40, 34], [41, 34], [11, 17], [27, 17], [29, 17], [11, 18], [38, 18], [25, 31], [30, 31], [26, 31], [12, 15], [33, 15], [20, 15], [39, 15], [32, 35], [30, 35], [34, 35], [40, 35], [42, 35], [28, 27], [17, 27], [43, 27], [23, 27], [29, 27], [9, 19], [25, 19], [26, 19], [27, 43], [29, 43], [10, 26], [30, 26], [31, 26], [19, 26], [44, 26], [20, 39], [15, 39], [40, 39], [45, 39], [34, 40], [35, 40], [39, 40], [41, 40], [16, 21], [36, 21], [37, 21], [14, 37], [21, 37], [46, 37], [37, 46], [24, 46], [26, 44], [47, 44], [39, 45], [22, 45], [35, 42], [47, 42], [41, 42], [13, 23], [27, 23], [29, 23], [13, 24], [46, 24], [44, 47], [42, 47], [16, 22], [45, 22], [34, 41], [40, 41], [42, 41], [28, 29], [17, 29], [27, 29], [43, 29], [23, 29]], "labels": {"0": "1", "1": "1", "2": "1", "3": "1", "4": "1", "5": "1", "6": "1", "7": "1", "8": "1", "9": "1", "10": "2", "11": "1", "12": "1", "13": "1", "14": "2", "15": "2", "16": "1", "17": "2", "18": "2", "19": "2", "20": "2", "21": "2", "22": "2", "23": "2", "24": "2", "25": "2", "26": "2", "27": "2", "28": "2", "29": "2", "30": "2", "31": "2", "32": "2", "33": "2", "34": "2", "35": "2", "36": "2", "37": "2", "38": "2", "39": "2", "40": "2", "41": "2", "42": "2", "43": "2", "44": "2", "45": "2", "46": "2", "47": "2"}, "target": 1}