{"edges": [[0, 1], [2, 1], [3, 1], [4, 1], [1, 0], [2, 0], [3, 0], [4, 0], [5, 0], [1, 2], [0, 2], [3, 2], [4, 2], [5, 2], [1, 3], [0, 3], [2, 3], [6, 3], [7, 3], [3, 6], [8, 6], [9, 6], [7, 6], [6, 8], [9, 8], [10, 8], [7, 8], [6, 9], [8, 9], [10, 9], [11, 9], [8, 10], [9, 10], [11, 10], [12, 10], [13, 10], [14, 10], [9, 11], [10, 11], [12, 11], [13, 11], [14, 11], [10, 12], [11, 12], [13, 12], [14, 12], [10, 13], [11, 13], [12, 13], [15, 13], [16, 13], [13, 15], [17, 15], [18, 15], [16, 15], [15, 17], [18, 17], [19, 17], [16, 17], [15, 18], [17, 18], [19, 18], [20, 18], [21, 18], [17, 19], [18, 19], [20, 19], [21, 19], [18, 20], [19, 20], [21, 20], [18, 21], [19, 21], [20, 21], [1, 4], [0, 4], [2, 4], [5, 4], [0, 5], [2, 5], [4, 5], [7, 5], [3, 7], [6, 7], [8, 7], [5, 7], [10, 14], [11, 14], [12, 14], [16, 14], [13, 16], [15, 16], [17, 16], [14, 16]], "labels": {"0": "1", "1": "1", "2": "1", "3": "1", "4": "2", "5": "2", "6": "1", "7": "2", "8": "1", "9": "1", "10": "1", "11": "1", "12": "1", "13": "1", "14": "2", "15": "1", "16": "2", "17": "1", "18": "1", "19": "1", "20": "1", "21": "1"}, "target": 6}