{"edges": [[0, 1], [2, 1], [3, 1], [1, 0], [2, 0], [3, 0], [4, 0], [5, 6], [7, 6], [4, 6], [6, 5], [8, 5], [7, 5], [9, 5], [5, 8], [10, 8], [9, 8], [11, 8], [8, 10], [11, 10], [12, 10], [13, 14], [12, 14], [15, 14], [16, 17], [13, 17], [18, 17], [17, 16], [19, 16], [20, 16], [18, 16], [16, 19], [21, 19], [22, 19], [20, 19], [19, 21], [23, 21], [22, 21], [20, 21], [21, 23], [24, 23], [22, 23], [25, 23], [23, 24], [26, 24], [25, 24], [27, 24], [28, 29], [30, 29], [31, 29], [30, 32], [31, 32], [33, 32], [34, 32], [33, 35], [34, 35], [36, 35], [37, 35], [38, 39], [40, 39], [36, 39], [37, 39], [39, 38], [40, 38], [36, 38], [19, 22], [21, 22], [23, 22], [16, 20], [19, 20], [21, 20], [18, 20], [14, 13], [17, 13], [18, 13], [15, 13], [17, 18], [16, 18], [20, 18], [13, 18], [1, 2], [0, 2], [3, 2], [1, 3], [0, 3], [2, 3], [4, 3], [6, 7], [5, 7], [4, 7], [0, 4], [6, 4], [3, 4], [7, 4], [5, 9], [8, 9], [11, 9], [8, 11], [10, 11], [9, 11], [24, 26], [28, 26], [27, 26], [29, 28], [26, 28], [30, 28], [29, 30], [32, 30], [28, 30], [31, 30], [33, 30], [29, 31], [32, 31], [30, 31], [33, 31], [32, 33], [35, 33], [30, 33], [31, 33], [34, 33], [32, 34], [35, 34], [33, 34], [37, 34], [39, 40], [38, 40], [36, 40], [35, 36], [39, 36], [38, 36], [40, 36], [37, 36], [35, 37], [39, 37], [34, 37], [36, 37], [10, 12], [14, 12], [15, 12], [14, 15], [13, 15], [12, 15], [23, 25], [24, 25], [27, 25], [24, 27], [26, 27], [25, 27]], "labels": {"0": "1", "1": "1", "2": "2", "3": "2", "4": "2", "5": "1", "6": "1", "7": "2", "8": "1", "9": "2", "10": "1", "11": "2", "12": "2", "13": "2", "14": "1", "15": "2", "16": "1", "17": "1", "18": "2", "19": "1", "20": "2", "21": "1", "22": "2", "23": "1", "24": "1", "25": "2", "26": "2", "27": "2", "28": "2", "29": "1", "30": "2", "31": "2", "32": "1", "33": "2", "34": "2", "35": "1", "36": "2", "37": "2", "38": "1", "39": "1", "40": "2"}, "target": 1}