{"edges": [[0, 1], [2, 1], [1, 0], [3, 0], [4, 0], [5, 0], [6, 7], [8, 7], [9, 7], [10, 7], [7, 6], [8, 6], [11, 6], [9, 6], [12, 6], [13, 6], [7, 8], [6, 8], [14, 8], [15, 8], [16, 8], [12, 8], [13, 8], [8, 14], [15, 14], [13, 14], [8, 15], [14, 15], [17, 15], [18, 19], [12, 19], [20, 19], [21, 19], [19, 18], [22, 18], [20, 18], [23, 18], [0, 3], [2, 3], [24, 3], [25, 3], [1, 2], [3, 2], [25, 2], [26, 2], [6, 11], [16, 11], [9, 11], [27, 11], [8, 16], [11, 16], [13, 16], [28, 16], [7, 9], [6, 9], [11, 9], [12, 9], [28, 9], [6, 12], [8, 12], [19, 12], [9, 12], [29, 12], [18, 22], [20, 22], [21, 22], [30, 22], [19, 20], [18, 20], [22, 20], [23, 20], [31, 20], [32, 33], [24, 33], [33, 32], [4, 32], [34, 32], [25, 32], [0, 4], [32, 4], [24, 4], [23, 35], [36, 35], [31, 35], [37, 35], [38, 39], [10, 39], [27, 39], [36, 40], [37, 40], [39, 38], [5, 38], [26, 38], [0, 5], [38, 5], [41, 5], [18, 23], [20, 23], [35, 23], [42, 23], [7, 10], [39, 10], [13, 10], [43, 10], [28, 10], [35, 36], [40, 36], [42, 36], [44, 36], [15, 17], [45, 17], [46, 17], [6, 13], [8, 13], [14, 13], [16, 13], [10, 13], [27, 13], [19, 21], [22, 21], [47, 21], [48, 21], [17, 45], [47, 45], [29, 45], [48, 45], [21, 47], [45, 47], [30, 47], [48, 47], [32, 34], [24, 34], [3, 24], [33, 24], [4, 24], [34, 24], [25, 24], [3, 25], [2, 25], [32, 25], [24, 25], [23, 42], [36, 42], [31, 42], [37, 42], [10, 43], [41, 43], [27, 43], [36, 44], [37, 44], [5, 41], [43, 41], [26, 41], [2, 26], [38, 26], [41, 26], [20, 31], [35, 31], [42, 31], [11, 27], [39, 27], [13, 27], [43, 27], [28, 27], [35, 37], [40, 37], [42, 37], [44, 37], [12, 29], [45, 29], [46, 29], [16, 28], [9, 28], [10, 28], [27, 28], [22, 30], [47, 30], [48, 30], [17, 46], [29, 46], [48, 46], [21, 48], [45, 48], [47, 48], [30, 48], [46, 48]], "labels": {"0": "1", "1": "1", "2": "1", "3": "1", "4": "2", "5": "2", "6": "1", "7": "1", "8": "1", "9": "1", "10": "2", "11": "1", "12": "1", "13": "2", "14": "1", "15": "1", "16": "1", "17": "2", "18": "1", "19": "1", "20": "1", "21": "2", "22": "1", "23": "2", "24": "2", "25": "2", "26": "2", "27": "2", "28": "2", "29": "2", "30": "2", "31": "2", "32": "2", "33": "2", "34": "2", "35": "2", "36": "2", "37": "2", "38": "2", "39": "2", "40": "2", "41": "2", "42": "2", "43": "2", "44": "2", "45": "2", "46": "2", "47": "2", "48": "2"}, "target": 1}