{"edges": [[0, 1], [2, 1], [3, 1], [1, 0], [2, 0], [4, 0], [5, 0], [6, 0], [1, 2], [0, 2], [4, 2], [7, 2], [0, 4], [2, 4], [7, 4], [8, 4], [9, 10], [11, 10], [8, 10], [10, 9], [12, 9], [13, 9], [11, 9], [9, 12], [14, 12], [13, 12], [15, 12], [16, 12], [12, 14], [17, 14], [11, 14], [16, 14], [14, 17], [18, 17], [19, 17], [17, 18], [20, 18], [18, 20], [21, 20], [22, 20], [23, 20], [20, 21], [22, 21], [24, 21], [25, 21], [23, 21], [20, 22], [21, 22], [26, 22], [27, 22], [28, 22], [29, 22], [30, 22], [22, 26], [31, 26], [23, 26], [29, 26], [26, 31], [23, 31], [28, 31], [0, 5], [3, 5], [32, 5], [33, 5], [34, 5], [1, 3], [5, 3], [32, 3], [33, 3], [5, 32], [3, 32], [7, 32], [2, 7], [4, 7], [32, 7], [35, 7], [7, 35], [13, 35], [36, 35], [9, 13], [12, 13], [35, 13], [37, 13], [36, 13], [13, 37], [11, 37], [10, 11], [9, 11], [14, 11], [37, 11], [15, 11], [38, 11], [12, 15], [11, 15], [39, 15], [38, 15], [15, 39], [19, 39], [17, 19], [39, 19], [24, 19], [21, 24], [19, 24], [25, 24], [40, 24], [21, 25], [24, 25], [40, 25], [24, 40], [25, 40], [23, 40], [20, 23], [21, 23], [26, 23], [31, 23], [40, 23], [27, 23], [30, 23], [22, 27], [23, 27], [28, 27], [41, 27], [30, 27], [22, 28], [31, 28], [27, 28], [41, 28], [22, 29], [26, 29], [41, 29], [30, 29], [12, 16], [14, 16], [8, 16], [36, 16], [38, 16], [6, 42], [33, 42], [34, 42], [4, 8], [10, 8], [16, 8], [38, 8], [0, 6], [42, 6], [43, 6], [33, 6], [34, 6], [27, 41], [28, 41], [29, 41], [30, 41], [6, 43], [34, 43], [35, 36], [13, 36], [16, 36], [38, 36], [5, 33], [3, 33], [42, 33], [6, 33], [34, 33], [5, 34], [42, 34], [6, 34], [43, 34], [33, 34], [11, 38], [15, 38], [16, 38], [8, 38], [36, 38], [22, 30], [23, 30], [27, 30], [29, 30], [41, 30]], "labels": {"0": "1", "1": "1", "2": "1", "3": "1", "4": "1", "5": "1", "6": "2", "7": "1", "8": "2", "9": "1", "10": "1", "11": "1", "12": "1", "13": "1", "14": "1", "15": "1", "16": "2", "17": "1", "18": "1", "19": "1", "20": "1", "21": "1", "22": "1", "23": "1", "24": "1", "25": "1", "26": "1", "27": "1", "28": "1", "29": "2", "30": "2", "31": "1", "32": "1", "33": "2", "34": "2", "35": "1", "36": "2", "37": "1", "38": "2", "39": "1", "40": "1", "41": "2", "42": "2", "43": "2"}, "target": 2}