{"edges": [[0, 1], [2, 1], [3, 1], [1, 0], [2, 0], [4, 0], [5, 0], [6, 0], [1, 2], [0, 2], [4, 2], [0, 4], [2, 4], [7, 4], [8, 9], [10, 9], [7, 9], [9, 8], [11, 8], [12, 8], [13, 8], [8, 11], [14, 11], [12, 11], [10, 11], [15, 11], [16, 11], [11, 14], [17, 14], [13, 14], [16, 14], [14, 17], [18, 17], [19, 17], [17, 18], [20, 18], [18, 20], [21, 20], [22, 20], [23, 20], [20, 21], [22, 21], [23, 21], [20, 22], [21, 22], [23, 22], [24, 22], [25, 22], [26, 22], [27, 22], [20, 23], [21, 23], [22, 23], [28, 23], [27, 23], [29, 23], [30, 23], [31, 23], [23, 28], [32, 28], [26, 28], [30, 28], [28, 32], [27, 32], [29, 32], [0, 5], [3, 5], [33, 5], [34, 5], [35, 5], [1, 3], [5, 3], [33, 3], [36, 3], [35, 3], [5, 33], [3, 33], [36, 33], [3, 36], [33, 36], [37, 36], [8, 12], [11, 12], [10, 12], [37, 12], [9, 10], [11, 10], [12, 10], [13, 10], [8, 13], [14, 13], [10, 13], [15, 13], [38, 13], [11, 15], [13, 15], [39, 15], [38, 15], [15, 39], [19, 39], [17, 19], [39, 19], [24, 19], [22, 24], [19, 24], [25, 24], [40, 24], [22, 25], [24, 25], [40, 25], [24, 40], [25, 40], [26, 40], [22, 26], [28, 26], [40, 26], [31, 26], [22, 27], [23, 27], [32, 27], [29, 27], [31, 27], [23, 29], [32, 29], [27, 29], [30, 29], [31, 29], [23, 30], [28, 30], [29, 30], [11, 16], [14, 16], [7, 16], [37, 16], [6, 41], [35, 41], [4, 7], [9, 7], [16, 7], [38, 7], [0, 6], [41, 6], [34, 6], [35, 6], [23, 31], [26, 31], [27, 31], [29, 31], [13, 38], [15, 38], [7, 38], [37, 38], [5, 34], [6, 34], [35, 34], [36, 37], [12, 37], [16, 37], [38, 37], [5, 35], [3, 35], [41, 35], [6, 35], [34, 35]], "labels": {"0": "1", "1": "1", "2": "1", "3": "1", "4": "1", "5": "1", "6": "2", "7": "2", "8": "1", "9": "1", "10": "1", "11": "1", "12": "1", "13": "1", "14": "1", "15": "1", "16": "2", "17": "1", "18": "1", "19": "1", "20": "1", "21": "1", "22": "1", "23": "1", "24": "1", "25": "1", "26": "1", "27": "1", "28": "1", "29": "1", "30": "2", "31": "2", "32": "1", "33": "1", "34": "2", "35": "2", "36": "1", "37": "2", "38": "2", "39": "1", "40": "1", "41": "2"}, "target": 2}