{"edges": [[0, 1], [2, 1], [1, 0], [3, 0], [4, 0], [5, 0], [0, 3], [4, 3], [6, 3], [7, 3], [0, 4], [3, 4], [6, 4], [7, 4], [3, 6], [4, 6], [7, 6], [3, 7], [4, 7], [6, 7], [8, 7], [9, 10], [11, 10], [12, 10], [8, 10], [13, 10], [10, 9], [11, 9], [14, 9], [13, 9], [10, 11], [9, 11], [15, 11], [12, 11], [11, 15], [16, 15], [17, 15], [18, 15], [19, 15], [15, 16], [17, 16], [19, 16], [2, 20], [21, 20], [22, 20], [23, 20], [1, 2], [20, 2], [24, 2], [25, 2], [22, 2], [2, 24], [26, 24], [21, 24], [24, 26], [27, 26], [28, 26], [21, 26], [26, 27], [28, 27], [29, 27], [26, 28], [27, 28], [30, 28], [9, 14], [12, 14], [31, 14], [30, 14], [32, 14], [10, 12], [11, 12], [14, 12], [31, 12], [32, 12], [14, 31], [12, 31], [33, 31], [31, 33], [17, 33], [18, 33], [34, 33], [15, 17], [16, 17], [33, 17], [18, 17], [34, 17], [15, 18], [33, 18], [17, 18], [21, 35], [36, 35], [23, 35], [37, 35], [38, 35], [20, 21], [24, 21], [26, 21], [35, 21], [25, 21], [5, 21], [22, 21], [37, 21], [2, 25], [21, 25], [29, 25], [5, 25], [27, 29], [25, 29], [8, 29], [39, 29], [13, 40], [32, 40], [39, 40], [41, 40], [42, 43], [13, 43], [32, 43], [41, 43], [43, 42], [44, 42], [13, 42], [42, 44], [45, 44], [46, 44], [19, 44], [34, 44], [47, 44], [44, 45], [46, 45], [19, 45], [47, 45], [44, 46], [45, 46], [0, 5], [21, 5], [25, 5], [36, 5], [7, 8], [10, 8], [29, 8], [13, 8], [32, 8], [41, 8], [35, 36], [5, 36], [10, 13], [9, 13], [40, 13], [43, 13], [42, 13], [8, 13], [30, 13], [39, 13], [15, 19], [16, 19], [44, 19], [45, 19], [47, 19], [20, 22], [2, 22], [21, 22], [28, 30], [14, 30], [13, 30], [20, 23], [35, 23], [14, 32], [12, 32], [40, 32], [43, 32], [8, 32], [33, 34], [17, 34], [44, 34], [47, 34], [35, 37], [21, 37], [29, 39], [40, 39], [13, 39], [35, 38], [40, 41], [43, 41], [8, 41], [44, 47], [45, 47], [19, 47], [34, 47]], "labels": {"0": "1", "1": "1", "2": "1", "3": "1", "4": "1", "5": "2", "6": "1", "7": "1", "8": "2", "9": "1", "10": "1", "11": "1", "12": "1", "13": "2", "14": "1", "15": "1", "16": "1", "17": "1", "18": "1", "19": "2", "20": "1", "21": "1", "22": "2", "23": "2", "24": "1", "25": "1", "26": "1", "27": "1", "28": "1", "29": "1", "30": "2", "31": "1", "32": "2", "33": "1", "34": "2", "35": "1", "36": "2", "37": "2", "38": "2", "39": "2", "40": "1", "41": "2", "42": "1", "43": "1", "44": "1", "45": "1", "46": "1", "47": "2"}, "target": 2}