{"edges": [[0, 1], [2, 1], [3, 1], [1, 0], [2, 0], [3, 0], [1, 2], [0, 2], [3, 2], [4, 2], [5, 2], [1, 3], [0, 3], [2, 3], [4, 3], [6, 3], [7, 3], [2, 4], [3, 4], [6, 4], [8, 4], [9, 4], [3, 6], [4, 6], [8, 6], [10, 6], [11, 6], [4, 8], [6, 8], [10, 8], [12, 8], [6, 10], [8, 10], [12, 10], [13, 10], [8, 12], [10, 12], [14, 12], [15, 12], [16, 12], [12, 14], [17, 14], [18, 14], [19, 14], [20, 14], [14, 17], [18, 17], [21, 17], [22, 17], [23, 17], [14, 18], [17, 18], [21, 18], [22, 18], [17, 21], [18, 21], [22, 21], [24, 21], [17, 22], [18, 22], [21, 22], [24, 22], [25, 22], [21, 24], [22, 24], [26, 24], [27, 24], [25, 24], [24, 26], [28, 26], [29, 26], [30, 26], [31, 26], [26, 28], [29, 28], [30, 28], [32, 28], [26, 29], [28, 29], [30, 29], [32, 29], [26, 30], [28, 30], [29, 30], [2, 5], [7, 5], [33, 5], [34, 5], [4, 9], [35, 9], [36, 9], [11, 9], [9, 35], [36, 35], [11, 35], [3, 7], [5, 7], [33, 7], [34, 7], [5, 33], [7, 33], [34, 33], [5, 34], [7, 34], [33, 34], [10, 13], [15, 13], [16, 13], [19, 13], [12, 15], [13, 15], [16, 15], [19, 15], [12, 16], [13, 16], [15, 16], [19, 16], [14, 19], [13, 19], [15, 19], [16, 19], [23, 19], [20, 19], [37, 19], [28, 32], [29, 32], [31, 32], [27, 32], [25, 32], [26, 31], [32, 31], [27, 31], [25, 31], [24, 27], [32, 27], [31, 27], [25, 27], [22, 25], [24, 25], [32, 25], [31, 25], [27, 25], [23, 25], [17, 23], [19, 23], [25, 23], [20, 23], [37, 23], [14, 20], [19, 20], [23, 20], [37, 20], [19, 37], [23, 37], [20, 37], [9, 36], [35, 36], [11, 36], [6, 11], [9, 11], [35, 11], [36, 11]], "labels": {"0": "1", "1": "1", "2": "1", "3": "1", "4": "1", "5": "2", "6": "1", "7": "2", "8": "1", "9": "2", "10": "1", "11": "2", "12": "1", "13": "2", "14": "1", "15": "2", "16": "2", "17": "1", "18": "1", "19": "2", "20": "2", "21": "1", "22": "1", "23": "2", "24": "1", "25": "2", "26": "1", "27": "2", "28": "1", "29": "1", "30": "1", "31": "2", "32": "2", "33": "2", "34": "2", "35": "2", "36": "2", "37": "2"}, "target": 6}