{"edges": [[0, 1], [2, 1], [3, 4], [5, 4], [6, 4], [4, 3], [7, 3], [8, 3], [3, 7], [9, 7], [8, 7], [0, 10], [11, 10], [2, 10], [12, 10], [9, 13], [8, 13], [6, 13], [7, 9], [13, 9], [8, 9], [3, 8], [7, 8], [13, 8], [9, 8], [0, 14], [15, 14], [16, 14], [1, 0], [10, 0], [14, 0], [11, 0], [17, 18], [5, 18], [19, 18], [20, 18], [6, 18], [18, 17], [11, 17], [12, 17], [10, 11], [0, 11], [17, 11], [2, 11], [20, 11], [4, 5], [18, 5], [19, 5], [14, 15], [21, 15], [16, 15], [15, 21], [16, 21], [1, 2], [10, 2], [11, 2], [16, 2], [18, 19], [5, 19], [20, 19], [6, 19], [18, 20], [11, 20], [19, 20], [12, 20], [10, 12], [17, 12], [20, 12], [4, 6], [13, 6], [18, 6], [19, 6], [14, 16], [15, 16], [21, 16], [2, 16]], "labels": {"0": "2", "1": "1", "2": "2", "3": "1", "4": "1", "5": "2", "6": "2", "7": "1", "8": "1", "9": "1", "10": "1", "11": "2", "12": "2", "13": "1", "14": "2", "15": "2", "16": "2", "17": "2", "18": "2", "19": "2", "20": "2", "21": "2"}, "target": 2}