{"edges": [[0, 1], [2, 1], [1, 0], [3, 0], [4, 0], [5, 0], [6, 0], [0, 3], [2, 3], [6, 3], [7, 3], [8, 9], [10, 9], [11, 9], [7, 9], [9, 8], [10, 8], [11, 8], [12, 8], [9, 10], [8, 10], [11, 10], [12, 10], [13, 10], [9, 11], [8, 11], [10, 11], [12, 11], [13, 11], [14, 11], [8, 12], [10, 12], [11, 12], [15, 12], [16, 17], [18, 17], [19, 17], [17, 16], [20, 16], [21, 16], [16, 20], [22, 20], [23, 20], [24, 20], [25, 20], [20, 22], [26, 22], [23, 22], [24, 22], [25, 22], [0, 4], [2, 4], [27, 4], [28, 4], [1, 2], [3, 2], [4, 2], [29, 2], [5, 2], [30, 2], [31, 2], [2, 29], [6, 29], [31, 29], [32, 29], [33, 34], [35, 34], [36, 34], [32, 34], [34, 33], [35, 33], [36, 33], [37, 33], [34, 35], [33, 35], [36, 35], [37, 35], [14, 35], [34, 36], [33, 36], [35, 36], [37, 36], [14, 36], [33, 37], [35, 37], [36, 37], [38, 37], [16, 21], [18, 21], [39, 21], [17, 18], [21, 18], [26, 18], [22, 26], [18, 26], [23, 26], [20, 23], [22, 23], [26, 23], [25, 23], [0, 5], [2, 5], [40, 5], [6, 5], [27, 5], [31, 5], [5, 40], [41, 40], [30, 40], [28, 40], [40, 41], [27, 41], [0, 6], [3, 6], [29, 6], [5, 6], [7, 6], [30, 6], [32, 6], [3, 7], [9, 7], [6, 7], [31, 7], [10, 13], [11, 13], [15, 13], [12, 15], [13, 15], [42, 15], [14, 15], [43, 15], [15, 42], [19, 42], [38, 42], [43, 42], [39, 42], [17, 19], [42, 19], [43, 19], [20, 24], [22, 24], [25, 24], [2, 30], [40, 30], [6, 30], [27, 30], [31, 30], [4, 27], [5, 27], [41, 27], [30, 27], [28, 27], [4, 28], [40, 28], [27, 28], [2, 31], [29, 31], [5, 31], [7, 31], [30, 31], [32, 31], [29, 32], [34, 32], [6, 32], [31, 32], [11, 14], [35, 14], [36, 14], [15, 14], [37, 38], [42, 38], [43, 38], [15, 43], [42, 43], [19, 43], [38, 43], [39, 43], [21, 39], [42, 39], [43, 39], [20, 25], [22, 25], [23, 25], [24, 25]], "labels": {"0": "1", "1": "1", "2": "1", "3": "1", "4": "1", "5": "2", "6": "2", "7": "2", "8": "1", "9": "1", "10": "1", "11": "1", "12": "1", "13": "2", "14": "2", "15": "2", "16": "1", "17": "1", "18": "1", "19": "2", "20": "1", "21": "1", "22": "1", "23": "1", "24": "2", "25": "2", "26": "1", "27": "2", "28": "2", "29": "1", "30": "2", "31": "2", "32": "2", "33": "1", "34": "1", "35": "1", "36": "1", "37": "1", "38": "2", "39": "2", "40": "2", "41": "2", "42": "2", "43": "2"}, "target": 2}