{"edges": [[0, 1], [2, 1], [3, 1], [1, 0], [3, 0], [4, 0], [5, 0], [6, 7], [4, 7], [5, 7], [7, 6], [5, 6], [8, 6], [9, 10], [11, 10], [8, 10], [10, 9], [11, 9], [12, 9], [12, 13], [14, 13], [15, 13], [16, 13], [17, 18], [19, 18], [16, 18], [18, 17], [19, 17], [20, 17], [16, 17], [18, 19], [17, 19], [20, 19], [17, 20], [19, 20], [21, 20], [20, 21], [22, 21], [23, 21], [24, 21], [21, 22], [23, 22], [24, 22], [21, 23], [22, 23], [24, 23], [21, 24], [22, 24], [23, 24], [1, 2], [3, 2], [4, 2], [1, 3], [0, 3], [2, 3], [4, 3], [5, 3], [0, 4], [7, 4], [2, 4], [3, 4], [5, 4], [0, 5], [7, 5], [6, 5], [3, 5], [4, 5], [10, 11], [9, 11], [8, 11], [6, 8], [10, 8], [11, 8], [9, 12], [13, 12], [14, 12], [15, 12], [13, 14], [12, 14], [15, 14], [16, 14], [13, 15], [12, 15], [14, 15], [16, 15], [13, 16], [18, 16], [17, 16], [14, 16], [15, 16]], "labels": {"0": "1", "1": "1", "2": "1", "3": "2", "4": "2", "5": "2", "6": "1", "7": "1", "8": "2", "9": "1", "10": "1", "11": "2", "12": "2", "13": "1", "14": "2", "15": "2", "16": "2", "17": "1", "18": "1", "19": "1", "20": "1", "21": "1", "22": "1", "23": "1", "24": "1"}, "target": 2}