{"edges": [[0, 1], [2, 1], [3, 1], [1, 0], [2, 0], [3, 0], [1, 2], [0, 2], [3, 2], [4, 2], [5, 2], [1, 3], [0, 3], [2, 3], [4, 3], [6, 3], [2, 4], [3, 4], [7, 4], [8, 4], [9, 4], [4, 7], [8, 7], [10, 7], [11, 7], [4, 8], [7, 8], [10, 8], [12, 8], [7, 10], [8, 10], [12, 10], [13, 10], [8, 12], [10, 12], [14, 12], [15, 12], [16, 12], [12, 14], [17, 14], [18, 14], [19, 14], [20, 14], [14, 17], [18, 17], [21, 17], [22, 17], [23, 17], [14, 18], [17, 18], [21, 18], [22, 18], [24, 18], [17, 21], [18, 21], [22, 21], [24, 21], [17, 22], [18, 22], [21, 22], [24, 22], [18, 24], [21, 24], [22, 24], [25, 24], [26, 24], [24, 25], [27, 25], [28, 25], [29, 25], [30, 25], [25, 27], [28, 27], [29, 27], [31, 27], [25, 28], [27, 28], [29, 28], [31, 28], [25, 29], [27, 29], [28, 29], [2, 5], [6, 5], [32, 5], [33, 5], [4, 9], [34, 9], [35, 9], [11, 9], [9, 34], [35, 34], [11, 34], [3, 6], [5, 6], [32, 6], [33, 6], [5, 32], [6, 32], [33, 32], [5, 33], [6, 33], [32, 33], [10, 13], [15, 13], [16, 13], [19, 13], [12, 15], [13, 15], [16, 15], [19, 15], [12, 16], [13, 16], [15, 16], [19, 16], [14, 19], [13, 19], [15, 19], [16, 19], [23, 19], [20, 19], [36, 19], [27, 31], [28, 31], [30, 31], [37, 31], [26, 31], [25, 30], [31, 30], [37, 30], [26, 30], [31, 37], [30, 37], [26, 37], [24, 26], [31, 26], [30, 26], [37, 26], [23, 26], [17, 23], [19, 23], [26, 23], [20, 23], [36, 23], [14, 20], [19, 20], [23, 20], [36, 20], [19, 36], [23, 36], [20, 36], [9, 35], [34, 35], [11, 35], [7, 11], [9, 11], [34, 11], [35, 11]], "labels": {"0": "1", "1": "1", "2": "1", "3": "1", "4": "1", "5": "2", "6": "2", "7": "1", "8": "1", "9": "2", "10": "1", "11": "2", "12": "1", "13": "2", "14": "1", "15": "2", "16": "2", "17": "1", "18": "1", "19": "2", "20": "2", "21": "1", "22": "1", "23": "2", "24": "1", "25": "1", "26": "2", "27": "1", "28": "1", "29": "1", "30": "2", "31": "2", "32": "2", "33": "2", "34": "2", "35": "2", "36": "2", "37": "2"}, "target": 6}