{"edges": [[0, 1], [2, 1], [3, 1], [1, 0], [2, 0], [4, 0], [5, 0], [3, 0], [6, 0], [1, 2], [0, 2], [4, 2], [5, 2], [3, 2], [7, 2], [0, 4], [2, 4], [5, 4], [8, 4], [0, 5], [2, 5], [4, 5], [9, 5], [10, 11], [12, 11], [13, 11], [14, 11], [11, 10], [12, 10], [13, 10], [11, 12], [10, 12], [13, 12], [15, 12], [16, 12], [11, 13], [10, 13], [12, 13], [15, 13], [16, 13], [12, 15], [13, 15], [16, 15], [12, 16], [13, 16], [15, 16], [1, 3], [0, 3], [2, 3], [17, 18], [6, 18], [7, 18], [18, 17], [6, 17], [7, 17], [0, 6], [18, 6], [17, 6], [8, 6], [7, 6], [4, 8], [6, 8], [7, 8], [9, 8], [2, 7], [18, 7], [17, 7], [6, 7], [8, 7], [5, 9], [8, 9], [19, 9], [20, 9], [14, 9], [9, 19], [20, 19], [14, 19], [9, 20], [19, 20], [14, 20], [11, 14], [9, 14], [19, 14], [20, 14]], "labels": {"0": "1", "1": "1", "2": "1", "3": "1", "4": "1", "5": "1", "6": "2", "7": "2", "8": "2", "9": "2", "10": "1", "11": "1", "12": "1", "13": "1", "14": "2", "15": "1", "16": "1", "17": "2", "18": "2", "19": "2", "20": "2"}, "target": 2}