{"edges": [[0, 1], [2, 1], [3, 1], [1, 0], [2, 0], [3, 0], [1, 2], [0, 2], [4, 2], [3, 2], [5, 2], [2, 4], [6, 4], [7, 4], [5, 4], [8, 4], [9, 4], [4, 6], [7, 6], [10, 6], [11, 6], [4, 7], [6, 7], [10, 7], [12, 7], [6, 10], [7, 10], [13, 10], [12, 10], [14, 10], [10, 13], [15, 13], [16, 13], [17, 13], [13, 15], [16, 15], [18, 15], [13, 16], [15, 16], [18, 16], [15, 18], [16, 18], [19, 18], [20, 18], [18, 19], [20, 19], [21, 19], [18, 20], [19, 20], [21, 20], [22, 20], [19, 21], [20, 21], [22, 21], [23, 21], [20, 22], [21, 22], [23, 22], [24, 22], [21, 23], [22, 23], [24, 23], [22, 24], [23, 24], [25, 24], [26, 24], [27, 24], [24, 25], [26, 25], [27, 25], [24, 26], [25, 26], [27, 26], [24, 27], [25, 27], [26, 27], [1, 3], [0, 3], [2, 3], [5, 3], [8, 3], [2, 5], [4, 5], [3, 5], [8, 5], [4, 8], [3, 8], [5, 8], [11, 8], [9, 8], [6, 11], [8, 11], [9, 11], [12, 11], [4, 9], [8, 9], [11, 9], [7, 12], [10, 12], [11, 12], [17, 12], [14, 12], [28, 12], [13, 17], [12, 17], [14, 17], [28, 17], [10, 14], [12, 14], [17, 14], [28, 14], [12, 28], [17, 28], [14, 28]], "labels": {"0": "1", "1": "1", "2": "1", "3": "2", "4": "1", "5": "2", "6": "1", "7": "1", "8": "2", "9": "2", "10": "1", "11": "2", "12": "2", "13": "1", "14": "2", "15": "1", "16": "1", "17": "2", "18": "1", "19": "1", "20": "1", "21": "1", "22": "1", "23": "1", "24": "1", "25": "1", "26": "1", "27": "1", "28": "2"}, "target": 2}