{"edges": [[0, 1], [2, 1], [3, 1], [1, 0], [4, 0], [5, 0], [6, 0], [7, 0], [0, 4], [5, 4], [6, 4], [8, 4], [9, 10], [11, 10], [12, 10], [13, 10], [14, 10], [15, 10], [10, 9], [11, 9], [16, 9], [15, 9], [10, 11], [9, 11], [16, 11], [17, 11], [18, 19], [20, 19], [21, 19], [22, 19], [23, 19], [24, 19], [19, 18], [20, 18], [21, 18], [25, 18], [19, 20], [18, 20], [21, 20], [19, 21], [18, 21], [20, 21], [26, 21], [0, 5], [4, 5], [6, 5], [0, 6], [4, 6], [5, 6], [27, 6], [1, 2], [3, 2], [28, 2], [1, 3], [2, 3], [16, 3], [29, 3], [9, 16], [11, 16], [3, 16], [12, 16], [13, 16], [30, 16], [31, 16], [10, 12], [16, 12], [13, 12], [31, 12], [10, 13], [16, 13], [12, 13], [32, 13], [19, 22], [33, 22], [26, 22], [34, 22], [35, 22], [22, 33], [26, 33], [25, 33], [36, 33], [21, 26], [22, 26], [33, 26], [37, 38], [7, 38], [27, 38], [28, 38], [14, 39], [8, 39], [30, 39], [29, 39], [10, 14], [39, 14], [15, 14], [40, 14], [31, 14], [10, 15], [9, 15], [14, 15], [30, 15], [41, 42], [23, 42], [43, 42], [34, 42], [42, 41], [17, 41], [44, 41], [32, 41], [38, 37], [7, 37], [45, 37], [28, 37], [0, 7], [38, 7], [37, 7], [4, 8], [39, 8], [40, 8], [11, 17], [41, 17], [43, 17], [46, 47], [25, 47], [48, 47], [36, 47], [47, 46], [24, 46], [49, 46], [35, 46], [19, 23], [42, 23], [44, 23], [19, 24], [46, 24], [48, 24], [18, 25], [33, 25], [47, 25], [49, 25], [36, 25], [37, 45], [27, 45], [28, 45], [14, 40], [8, 40], [30, 40], [29, 40], [16, 30], [39, 30], [15, 30], [40, 30], [31, 30], [16, 31], [12, 31], [14, 31], [30, 31], [41, 44], [23, 44], [43, 44], [34, 44], [42, 43], [17, 43], [44, 43], [32, 43], [6, 27], [38, 27], [45, 27], [2, 28], [38, 28], [37, 28], [45, 28], [3, 29], [39, 29], [40, 29], [13, 32], [41, 32], [43, 32], [46, 49], [25, 49], [48, 49], [36, 49], [47, 48], [24, 48], [49, 48], [35, 48], [22, 34], [42, 34], [44, 34], [22, 35], [46, 35], [48, 35], [33, 36], [47, 36], [25, 36], [49, 36]], "labels": {"0": "1", "1": "1", "2": "1", "3": "1", "4": "1", "5": "1", "6": "1", "7": "2", "8": "2", "9": "1", "10": "1", "11": "1", "12": "1", "13": "1", "14": "2", "15": "2", "16": "1", "17": "2", "18": "1", "19": "1", "20": "1", "21": "1", "22": "1", "23": "2", "24": "2", "25": "2", "26": "1", "27": "2", "28": "2", "29": "2", "30": "2", "31": "2", "32": "2", "33": "1", "34": "2", "35": "2", "36": "2", "37": "2", "38": "2", "39": "2", "40": "2", "41": "2", "42": "2", "43": "2", "44": "2", "45": "2", "46": "2", "47": "2", "48": "2", "49": "2"}, "target": 2}