{"edges": [[0, 1], [2, 1], [3, 1], [1, 0], [2, 0], [3, 0], [4, 5], [3, 5], [6, 5], [5, 4], [6, 4], [7, 4], [8, 9], [10, 9], [7, 9], [9, 8], [10, 8], [11, 8], [11, 12], [13, 12], [14, 12], [15, 16], [17, 16], [18, 16], [16, 15], [17, 15], [19, 15], [18, 15], [16, 17], [15, 17], [19, 17], [18, 17], [15, 19], [17, 19], [20, 19], [19, 20], [21, 20], [22, 20], [23, 20], [20, 21], [22, 21], [23, 21], [20, 22], [21, 22], [23, 22], [24, 22], [25, 22], [20, 23], [21, 23], [22, 23], [24, 23], [25, 23], [22, 24], [23, 24], [25, 24], [1, 2], [0, 2], [3, 2], [6, 2], [1, 3], [0, 3], [5, 3], [2, 3], [6, 3], [5, 6], [4, 6], [2, 6], [3, 6], [9, 10], [8, 10], [7, 10], [4, 7], [9, 7], [10, 7], [8, 11], [12, 11], [13, 11], [14, 11], [13, 26], [14, 26], [18, 26], [12, 13], [11, 13], [26, 13], [14, 13], [12, 14], [11, 14], [26, 14], [13, 14], [18, 14], [16, 18], [15, 18], [17, 18], [26, 18], [14, 18], [22, 25], [23, 25], [24, 25]], "labels": {"0": "1", "1": "1", "2": "2", "3": "2", "4": "1", "5": "1", "6": "2", "7": "2", "8": "1", "9": "1", "10": "2", "11": "2", "12": "1", "13": "2", "14": "2", "15": "1", "16": "1", "17": "1", "18": "2", "19": "1", "20": "1", "21": "1", "22": "1", "23": "1", "24": "1", "25": "2", "26": "2"}, "target": 2}