{"edges": [[0, 1], [2, 1], [3, 1], [1, 0], [2, 0], [4, 0], [3, 0], [1, 2], [0, 2], [4, 2], [3, 2], [5, 2], [0, 4], [2, 4], [6, 4], [7, 4], [4, 6], [8, 6], [9, 6], [10, 6], [6, 8], [9, 8], [11, 8], [12, 8], [6, 9], [8, 9], [11, 9], [8, 11], [9, 11], [13, 11], [14, 11], [12, 11], [11, 13], [15, 13], [16, 13], [17, 13], [13, 15], [18, 15], [19, 15], [20, 15], [15, 18], [21, 18], [22, 18], [23, 18], [24, 18], [18, 21], [22, 21], [23, 21], [18, 22], [21, 22], [23, 22], [25, 22], [18, 23], [21, 23], [22, 23], [25, 23], [26, 23], [22, 25], [23, 25], [26, 25], [27, 25], [28, 25], [23, 26], [25, 26], [27, 26], [29, 26], [28, 26], [25, 27], [26, 27], [30, 27], [31, 27], [32, 27], [33, 27], [27, 30], [31, 30], [32, 30], [34, 30], [27, 31], [30, 31], [32, 31], [34, 31], [27, 32], [30, 32], [31, 32], [1, 3], [0, 3], [2, 3], [7, 3], [35, 3], [5, 3], [36, 37], [10, 37], [12, 37], [37, 36], [10, 36], [12, 36], [4, 7], [3, 7], [35, 7], [5, 7], [3, 35], [7, 35], [5, 35], [2, 5], [3, 5], [7, 5], [35, 5], [11, 14], [16, 14], [17, 14], [19, 14], [13, 16], [14, 16], [17, 16], [19, 16], [13, 17], [14, 17], [16, 17], [19, 17], [15, 19], [14, 19], [16, 19], [17, 19], [24, 19], [20, 19], [38, 19], [30, 34], [31, 34], [33, 34], [29, 34], [27, 33], [34, 33], [29, 33], [28, 33], [26, 29], [34, 29], [33, 29], [28, 29], [25, 28], [26, 28], [33, 28], [29, 28], [24, 28], [18, 24], [19, 24], [28, 24], [20, 24], [38, 24], [15, 20], [19, 20], [24, 20], [38, 20], [19, 38], [24, 38], [20, 38], [6, 10], [37, 10], [36, 10], [12, 10], [8, 12], [11, 12], [37, 12], [36, 12], [10, 12]], "labels": {"0": "1", "1": "1", "2": "1", "3": "2", "4": "1", "5": "2", "6": "1", "7": "2", "8": "1", "9": "1", "10": "2", "11": "1", "12": "2", "13": "1", "14": "2", "15": "1", "16": "2", "17": "2", "18": "1", "19": "2", "20": "2", "21": "1", "22": "1", "23": "1", "24": "2", "25": "1", "26": "1", "27": "1", "28": "2", "29": "2", "30": "1", "31": "1", "32": "1", "33": "2", "34": "2", "35": "2", "36": "2", "37": "2", "38": "2"}, "target": 6}