{"edges": [[0, 1], [2, 1], [3, 1], [1, 0], [4, 0], [2, 0], [5, 0], [3, 0], [0, 4], [2, 4], [3, 4], [6, 7], [8, 7], [7, 6], [9, 6], [10, 6], [6, 9], [11, 9], [12, 9], [9, 11], [2, 11], [13, 11], [3, 11], [1, 2], [0, 2], [4, 2], [11, 2], [5, 2], [12, 2], [3, 2], [0, 5], [2, 5], [3, 5], [6, 10], [8, 10], [7, 8], [10, 8], [13, 8], [11, 13], [8, 13], [12, 13], [9, 12], [2, 12], [13, 12], [3, 12], [1, 3], [0, 3], [4, 3], [11, 3], [2, 3], [5, 3], [12, 3]], "labels": {"0": "1", "1": "1", "2": "2", "3": "2", "4": "2", "5": "2", "6": "2", "7": "2", "8": "2", "9": "2", "10": "2", "11": "2", "12": "2", "13": "2"}, "target": 2}