{"edges": [[0, 1], [2, 1], [3, 1], [4, 1], [1, 0], [2, 0], [5, 0], [3, 0], [6, 0], [7, 0], [8, 0], [1, 2], [0, 2], [5, 2], [9, 2], [10, 2], [8, 2], [0, 5], [2, 5], [9, 5], [10, 5], [2, 9], [5, 9], [10, 9], [11, 9], [12, 13], [14, 13], [11, 13], [15, 13], [16, 13], [13, 12], [14, 12], [17, 12], [13, 14], [12, 14], [17, 14], [12, 17], [14, 17], [18, 17], [19, 17], [17, 18], [19, 18], [20, 18], [21, 18], [22, 18], [17, 19], [18, 19], [20, 19], [21, 19], [22, 19], [18, 20], [19, 20], [21, 20], [18, 21], [19, 21], [20, 21], [22, 21], [1, 3], [0, 3], [6, 3], [7, 3], [4, 3], [0, 6], [3, 6], [7, 6], [4, 6], [0, 7], [3, 7], [6, 7], [10, 7], [8, 7], [2, 10], [5, 10], [9, 10], [7, 10], [8, 10], [0, 8], [2, 8], [7, 8], [10, 8], [18, 22], [19, 22], [21, 22], [9, 11], [13, 11], [15, 11], [16, 11], [13, 15], [11, 15], [16, 15], [13, 16], [11, 16], [15, 16], [1, 4], [3, 4], [6, 4]], "labels": {"0": "1", "1": "1", "2": "1", "3": "2", "4": "2", "5": "1", "6": "2", "7": "2", "8": "2", "9": "1", "10": "2", "11": "2", "12": "1", "13": "1", "14": "1", "15": "2", "16": "2", "17": "1", "18": "1", "19": "1", "20": "1", "21": "1", "22": "2"}, "target": 2}