{"edges": [[0, 1], [2, 1], [3, 1], [4, 5], [6, 5], [7, 5], [5, 4], [8, 4], [6, 4], [7, 4], [9, 4], [4, 8], [10, 8], [11, 8], [9, 8], [8, 10], [12, 10], [13, 10], [14, 10], [10, 12], [13, 12], [15, 12], [10, 13], [12, 13], [15, 13], [12, 15], [13, 15], [16, 15], [17, 15], [15, 16], [17, 16], [18, 16], [15, 17], [16, 17], [18, 17], [16, 18], [17, 18], [19, 18], [18, 19], [20, 19], [21, 19], [22, 19], [19, 20], [21, 20], [22, 20], [19, 21], [20, 21], [22, 21], [19, 22], [20, 22], [21, 22], [23, 22], [22, 23], [24, 23], [25, 23], [26, 23], [27, 23], [23, 24], [25, 24], [26, 24], [27, 24], [23, 25], [24, 25], [26, 25], [23, 26], [24, 26], [25, 26], [27, 26], [23, 27], [24, 27], [26, 27], [28, 29], [0, 29], [30, 29], [31, 29], [29, 28], [0, 28], [2, 28], [30, 28], [31, 28], [1, 0], [29, 0], [28, 0], [2, 0], [1, 2], [28, 2], [0, 2], [3, 2], [5, 6], [4, 6], [3, 6], [7, 6], [1, 3], [2, 3], [6, 3], [7, 3], [29, 30], [28, 30], [31, 30], [29, 31], [28, 31], [30, 31], [5, 7], [4, 7], [6, 7], [3, 7], [8, 11], [32, 11], [9, 11], [14, 11], [11, 32], [9, 32], [14, 32], [4, 9], [8, 9], [11, 9], [32, 9], [14, 9], [10, 14], [11, 14], [32, 14], [9, 14]], "labels": {"0": "2", "1": "1", "2": "2", "3": "2", "4": "1", "5": "1", "6": "2", "7": "2", "8": "1", "9": "2", "10": "1", "11": "2", "12": "1", "13": "1", "14": "2", "15": "1", "16": "1", "17": "1", "18": "1", "19": "1", "20": "1", "21": "1", "22": "1", "23": "1", "24": "1", "25": "1", "26": "1", "27": "1", "28": "2", "29": "2", "30": "2", "31": "2", "32": "2"}, "target": 2}