{"edges": [[0, 1], [2, 1], [3, 1], [1, 0], [4, 0], [3, 0], [5, 0], [0, 4], [6, 4], [7, 4], [8, 4], [4, 6], [9, 6], [8, 6], [6, 9], [10, 9], [11, 9], [12, 9], [9, 10], [13, 10], [14, 10], [11, 10], [12, 10], [10, 13], [14, 13], [15, 13], [10, 14], [13, 14], [15, 14], [13, 15], [14, 15], [16, 15], [15, 16], [17, 16], [18, 16], [16, 17], [18, 17], [19, 17], [20, 17], [16, 18], [17, 18], [19, 18], [20, 18], [17, 19], [18, 19], [20, 19], [17, 20], [18, 20], [19, 20], [21, 22], [23, 22], [24, 22], [22, 21], [2, 21], [3, 21], [23, 21], [24, 21], [25, 21], [1, 2], [21, 2], [3, 2], [24, 2], [25, 2], [4, 7], [26, 7], [5, 7], [8, 7], [1, 3], [0, 3], [21, 3], [2, 3], [25, 3], [22, 23], [21, 23], [24, 23], [22, 24], [21, 24], [2, 24], [23, 24], [25, 24], [21, 25], [2, 25], [3, 25], [24, 25], [7, 26], [5, 26], [8, 26], [0, 5], [7, 5], [26, 5], [8, 5], [4, 8], [6, 8], [7, 8], [26, 8], [5, 8], [9, 11], [10, 11], [12, 11], [9, 12], [10, 12], [11, 12]], "labels": {"0": "1", "1": "1", "2": "2", "3": "2", "4": "1", "5": "2", "6": "1", "7": "2", "8": "2", "9": "1", "10": "1", "11": "2", "12": "2", "13": "1", "14": "1", "15": "1", "16": "1", "17": "1", "18": "1", "19": "1", "20": "1", "21": "2", "22": "2", "23": "2", "24": "2", "25": "2", "26": "2"}, "target": 2}