{"edges": [[0, 1], [2, 1], [3, 1], [4, 1], [5, 1], [1, 0], [2, 0], [3, 0], [4, 0], [5, 0], [6, 0], [1, 2], [0, 2], [3, 2], [7, 2], [8, 2], [1, 3], [0, 3], [2, 3], [7, 3], [9, 3], [10, 3], [2, 7], [3, 7], [9, 7], [11, 7], [3, 9], [7, 9], [12, 9], [13, 9], [11, 9], [14, 9], [9, 12], [13, 12], [15, 12], [16, 12], [9, 13], [12, 13], [15, 13], [17, 13], [12, 15], [13, 15], [17, 15], [13, 17], [15, 17], [18, 17], [17, 18], [19, 18], [20, 18], [21, 18], [18, 19], [20, 19], [21, 19], [18, 20], [19, 20], [21, 20], [18, 21], [19, 21], [20, 21], [1, 4], [0, 4], [5, 4], [1, 5], [0, 5], [4, 5], [22, 23], [6, 23], [8, 23], [23, 22], [6, 22], [8, 22], [0, 6], [23, 6], [22, 6], [10, 6], [8, 6], [3, 10], [6, 10], [8, 10], [11, 10], [2, 8], [23, 8], [22, 8], [6, 8], [10, 8], [7, 11], [9, 11], [10, 11], [16, 11], [14, 11], [24, 11], [12, 16], [11, 16], [14, 16], [24, 16], [9, 14], [11, 14], [16, 14], [24, 14], [11, 24], [16, 24], [14, 24]], "labels": {"0": "1", "1": "1", "2": "1", "3": "1", "4": "1", "5": "1", "6": "2", "7": "1", "8": "2", "9": "1", "10": "2", "11": "2", "12": "1", "13": "1", "14": "2", "15": "1", "16": "2", "17": "1", "18": "1", "19": "1", "20": "1", "21": "1", "22": "2", "23": "2", "24": "2"}, "target": 2}