{"edges": [[0, 1], [2, 1], [3, 1], [1, 0], [2, 0], [3, 0], [4, 0], [1, 2], [0, 2], [3, 2], [4, 2], [1, 3], [0, 3], [2, 3], [4, 3], [5, 3], [6, 3], [0, 4], [2, 4], [3, 4], [5, 4], [6, 4], [3, 5], [4, 5], [7, 5], [5, 7], [8, 7], [9, 7], [7, 8], [10, 8], [11, 8], [12, 13], [14, 13], [15, 13], [13, 12], [14, 12], [16, 12], [13, 14], [12, 14], [16, 14], [12, 16], [14, 16], [17, 16], [18, 19], [20, 19], [21, 19], [19, 18], [20, 18], [21, 18], [22, 18], [19, 20], [18, 20], [21, 20], [22, 20], [19, 21], [18, 21], [20, 21], [22, 21], [18, 22], [20, 22], [21, 22], [6, 22], [3, 6], [4, 6], [22, 6], [10, 6], [8, 10], [6, 10], [9, 10], [7, 9], [10, 9], [23, 9], [24, 25], [26, 25], [27, 25], [25, 24], [26, 24], [17, 24], [25, 26], [24, 26], [17, 26], [16, 17], [24, 17], [26, 17], [8, 11], [15, 11], [27, 11], [13, 15], [11, 15], [23, 15], [27, 15], [9, 23], [15, 23], [27, 23], [25, 27], [11, 27], [15, 27], [23, 27]], "labels": {"0": "1", "1": "1", "2": "1", "3": "1", "4": "1", "5": "1", "6": "1", "7": "1", "8": "1", "9": "1", "10": "1", "11": "2", "12": "1", "13": "1", "14": "1", "15": "2", "16": "1", "17": "1", "18": "1", "19": "1", "20": "1", "21": "1", "22": "1", "23": "2", "24": "1", "25": "1", "26": "1", "27": "2"}, "target": 2}