{"edges": [[0, 1], [2, 1], [3, 1], [1, 0], [2, 0], [3, 0], [4, 0], [5, 0], [1, 2], [0, 2], [3, 2], [6, 2], [1, 3], [0, 3], [2, 3], [7, 3], [8, 3], [3, 7], [9, 7], [10, 7], [8, 7], [7, 9], [11, 9], [12, 9], [9, 11], [13, 11], [12, 11], [14, 11], [11, 13], [15, 13], [16, 13], [17, 13], [13, 15], [16, 15], [18, 15], [13, 16], [15, 16], [18, 16], [15, 18], [16, 18], [19, 18], [18, 19], [20, 19], [21, 19], [19, 20], [21, 20], [22, 20], [23, 20], [19, 21], [20, 21], [22, 21], [23, 21], [24, 21], [20, 22], [21, 22], [23, 22], [24, 22], [20, 23], [21, 23], [22, 23], [24, 23], [21, 24], [22, 24], [23, 24], [0, 4], [5, 4], [6, 4], [0, 5], [4, 5], [6, 5], [2, 6], [4, 6], [5, 6], [10, 6], [8, 6], [7, 10], [6, 10], [8, 10], [3, 8], [7, 8], [6, 8], [10, 8], [9, 12], [11, 12], [17, 12], [14, 12], [25, 12], [13, 17], [12, 17], [14, 17], [25, 17], [11, 14], [12, 14], [17, 14], [25, 14], [12, 25], [17, 25], [14, 25]], "labels": {"0": "1", "1": "1", "2": "1", "3": "1", "4": "2", "5": "2", "6": "2", "7": "1", "8": "2", "9": "1", "10": "2", "11": "1", "12": "2", "13": "1", "14": "2", "15": "1", "16": "1", "17": "2", "18": "1", "19": "1", "20": "1", "21": "1", "22": "1", "23": "1", "24": "1", "25": "2"}, "target": 2}