{"edges": [[0, 1], [2, 1], [3, 1], [1, 0], [2, 0], [4, 0], [3, 0], [5, 6], [7, 6], [4, 6], [6, 5], [8, 5], [7, 5], [4, 5], [9, 10], [8, 10], [11, 10], [10, 9], [12, 9], [11, 9], [13, 9], [9, 12], [13, 12], [14, 12], [15, 16], [17, 16], [14, 16], [16, 15], [17, 15], [18, 15], [16, 17], [15, 17], [18, 17], [15, 18], [17, 18], [19, 18], [18, 19], [20, 19], [21, 19], [22, 19], [19, 20], [21, 20], [22, 20], [19, 21], [20, 21], [22, 21], [19, 22], [20, 22], [21, 22], [1, 2], [0, 2], [3, 2], [5, 8], [10, 8], [11, 8], [10, 11], [9, 11], [8, 11], [6, 7], [5, 7], [4, 7], [3, 7], [0, 4], [6, 4], [5, 4], [7, 4], [3, 4], [1, 3], [0, 3], [2, 3], [7, 3], [4, 3], [9, 13], [12, 13], [14, 13], [12, 14], [16, 14], [13, 14]], "labels": {"0": "1", "1": "1", "2": "1", "3": "2", "4": "2", "5": "1", "6": "1", "7": "2", "8": "2", "9": "1", "10": "1", "11": "2", "12": "1", "13": "2", "14": "2", "15": "1", "16": "1", "17": "1", "18": "1", "19": "1", "20": "1", "21": "1", "22": "1"}, "target": 2}