{"edges": [[0, 1], [2, 1], [3, 1], [1, 0], [4, 0], [5, 0], [6, 0], [7, 0], [0, 4], [5, 4], [8, 4], [9, 4], [10, 4], [0, 5], [4, 5], [8, 5], [9, 5], [4, 8], [5, 8], [9, 8], [4, 9], [5, 9], [8, 9], [11, 9], [12, 9], [9, 11], [13, 11], [14, 11], [12, 11], [15, 11], [16, 11], [11, 13], [14, 13], [17, 13], [11, 14], [13, 14], [17, 14], [18, 14], [19, 14], [13, 17], [14, 17], [18, 17], [19, 17], [20, 17], [14, 18], [17, 18], [19, 18], [20, 18], [14, 19], [17, 19], [18, 19], [20, 19], [21, 19], [17, 20], [18, 20], [19, 20], [22, 20], [23, 20], [6, 24], [2, 24], [25, 24], [7, 24], [10, 24], [3, 24], [0, 6], [24, 6], [7, 6], [10, 6], [1, 2], [24, 2], [25, 2], [7, 2], [3, 2], [24, 25], [2, 25], [3, 25], [21, 26], [22, 26], [23, 26], [0, 7], [24, 7], [6, 7], [2, 7], [10, 7], [3, 7], [4, 10], [24, 10], [6, 10], [7, 10], [1, 3], [24, 3], [2, 3], [25, 3], [7, 3], [9, 12], [11, 12], [15, 12], [16, 12], [11, 15], [12, 15], [16, 15], [19, 21], [26, 21], [22, 21], [23, 21], [20, 22], [26, 22], [21, 22], [23, 22], [11, 16], [12, 16], [15, 16], [20, 23], [26, 23], [21, 23], [22, 23]], "labels": {"0": "1", "1": "1", "2": "2", "3": "2", "4": "1", "5": "1", "6": "2", "7": "2", "8": "1", "9": "1", "10": "2", "11": "1", "12": "2", "13": "1", "14": "1", "15": "2", "16": "2", "17": "1", "18": "1", "19": "1", "20": "1", "21": "2", "22": "2", "23": "2", "24": "2", "25": "2", "26": "2"}, "target": 2}