{"edges": [[0, 1], [2, 1], [1, 0], [3, 0], [4, 0], [5, 0], [6, 7], [4, 7], [8, 7], [7, 6], [8, 6], [9, 6], [10, 11], [12, 11], [9, 11], [13, 11], [11, 10], [14, 10], [12, 10], [13, 10], [10, 14], [12, 14], [15, 14], [16, 17], [18, 17], [19, 17], [20, 17], [17, 16], [18, 16], [21, 16], [17, 18], [16, 18], [22, 18], [18, 22], [23, 22], [22, 23], [24, 23], [25, 23], [26, 23], [27, 28], [29, 28], [30, 28], [1, 2], [3, 2], [31, 2], [30, 2], [0, 3], [2, 3], [32, 3], [29, 3], [31, 3], [33, 3], [3, 32], [34, 32], [35, 32], [33, 32], [36, 32], [32, 34], [37, 34], [36, 34], [38, 34], [34, 37], [39, 37], [12, 37], [38, 37], [37, 39], [40, 39], [41, 39], [39, 40], [19, 40], [42, 40], [43, 40], [17, 19], [40, 19], [44, 19], [21, 19], [45, 19], [19, 44], [46, 44], [42, 44], [44, 46], [47, 46], [25, 46], [46, 47], [24, 47], [25, 47], [48, 47], [28, 27], [49, 27], [29, 27], [27, 49], [29, 49], [50, 49], [28, 29], [3, 29], [27, 29], [49, 29], [51, 29], [50, 29], [32, 35], [52, 35], [51, 35], [53, 35], [35, 52], [8, 52], [33, 52], [53, 52], [54, 52], [9, 55], [36, 55], [54, 55], [56, 55], [11, 12], [10, 12], [14, 12], [37, 12], [57, 12], [13, 12], [38, 12], [56, 12], [12, 57], [15, 57], [41, 57], [58, 57], [16, 21], [19, 21], [42, 21], [59, 21], [40, 42], [44, 42], [21, 42], [45, 42], [19, 45], [42, 45], [24, 45], [23, 24], [47, 24], [45, 24], [25, 24], [23, 25], [46, 25], [47, 25], [24, 25], [60, 25], [0, 4], [7, 4], [5, 4], [8, 4], [30, 4], [33, 4], [50, 4], [53, 4], [0, 5], [4, 5], [7, 8], [6, 8], [52, 8], [4, 8], [31, 8], [51, 8], [6, 9], [11, 9], [55, 9], [11, 13], [10, 13], [12, 13], [14, 15], [57, 15], [61, 15], [15, 61], [20, 61], [41, 61], [62, 61], [43, 61], [58, 61], [63, 61], [59, 61], [17, 20], [61, 20], [23, 26], [60, 26], [2, 31], [3, 31], [8, 31], [28, 30], [2, 30], [4, 30], [3, 33], [32, 33], [52, 33], [4, 33], [32, 36], [34, 36], [55, 36], [34, 38], [37, 38], [12, 38], [39, 41], [57, 41], [61, 41], [62, 41], [61, 62], [41, 62], [43, 62], [40, 43], [61, 43], [62, 43], [63, 43], [47, 48], [60, 48], [29, 51], [35, 51], [8, 51], [49, 50], [29, 50], [4, 50], [35, 53], [52, 53], [4, 53], [52, 54], [55, 54], [55, 56], [12, 56], [57, 58], [61, 58], [63, 58], [61, 63], [43, 63], [58, 63], [59, 63], [21, 59], [61, 59], [63, 59], [25, 60], [26, 60], [48, 60]], "labels": {"0": "1", "1": "1", "2": "1", "3": "1", "4": "2", "5": "2", "6": "1", "7": "1", "8": "2", "9": "2", "10": "1", "11": "1", "12": "1", "13": "2", "14": "1", "15": "2", "16": "1", "17": "1", "18": "1", "19": "1", "20": "2", "21": "1", "22": "1", "23": "1", "24": "1", "25": "1", "26": "2", "27": "1", "28": "1", "29": "1", "30": "2", "31": "2", "32": "1", "33": "2", "34": "1", "35": "1", "36": "2", "37": "1", "38": "2", "39": "1", "40": "1", "41": "2", "42": "1", "43": "2", "44": "1", "45": "1", "46": "1", "47": "1", "48": "2", "49": "1", "50": "2", "51": "2", "52": "1", "53": "2", "54": "2", "55": "1", "56": "2", "57": "1", "58": "2", "59": "2", "60": "2", "61": "2", "62": "2", "63": "2"}, "target": 2}