{"edges": [[0, 1], [2, 1], [3, 1], [1, 0], [2, 0], [4, 0], [1, 2], [0, 2], [5, 2], [6, 2], [2, 5], [4, 5], [7, 5], [8, 5], [9, 10], [11, 10], [12, 10], [13, 10], [14, 10], [10, 9], [15, 9], [16, 9], [17, 9], [11, 9], [9, 15], [18, 15], [19, 15], [20, 21], [22, 21], [21, 20], [22, 20], [23, 20], [24, 20], [21, 22], [20, 22], [25, 22], [3, 22], [22, 25], [7, 25], [26, 25], [8, 25], [27, 25], [28, 25], [9, 16], [29, 16], [17, 16], [30, 16], [14, 16], [31, 16], [16, 29], [17, 29], [32, 29], [9, 17], [16, 17], [29, 17], [6, 33], [4, 33], [2, 6], [33, 6], [4, 6], [0, 4], [5, 4], [33, 4], [6, 4], [7, 4], [5, 7], [25, 7], [4, 7], [28, 7], [10, 11], [9, 11], [34, 11], [35, 11], [11, 34], [12, 34], [13, 34], [10, 12], [34, 12], [13, 12], [10, 13], [34, 13], [12, 13], [20, 23], [3, 23], [24, 23], [1, 3], [22, 3], [23, 3], [24, 3], [20, 24], [23, 24], [3, 24], [26, 24], [25, 26], [24, 26], [8, 26], [27, 26], [36, 26], [16, 30], [32, 30], [14, 30], [37, 30], [29, 32], [30, 32], [18, 32], [19, 32], [14, 32], [15, 18], [32, 18], [19, 18], [15, 19], [32, 19], [18, 19], [5, 8], [25, 8], [26, 8], [14, 8], [10, 14], [16, 14], [30, 14], [32, 14], [8, 14], [37, 14], [25, 27], [26, 27], [31, 27], [16, 31], [27, 31], [37, 31], [25, 28], [7, 28], [35, 28], [11, 35], [28, 35], [37, 35], [26, 36], [37, 36], [30, 37], [14, 37], [31, 37], [35, 37], [36, 37]], "labels": {"0": "1", "1": "1", "2": "1", "3": "1", "4": "1", "5": "1", "6": "1", "7": "1", "8": "2", "9": "1", "10": "1", "11": "1", "12": "1", "13": "1", "14": "2", "15": "1", "16": "1", "17": "1", "18": "1", "19": "1", "20": "1", "21": "1", "22": "1", "23": "1", "24": "1", "25": "1", "26": "1", "27": "2", "28": "2", "29": "1", "30": "1", "31": "2", "32": "1", "33": "1", "34": "1", "35": "2", "36": "2", "37": "2"}, "target": 2}