{"edges": [[0, 1], [2, 1], [3, 1], [1, 0], [4, 0], [3, 0], [5, 6], [7, 6], [8, 6], [9, 6], [6, 5], [7, 5], [10, 5], [11, 5], [6, 7], [5, 7], [12, 7], [10, 7], [13, 14], [15, 14], [16, 14], [14, 13], [17, 13], [18, 13], [19, 13], [13, 17], [18, 17], [19, 17], [1, 2], [4, 2], [3, 2], [20, 2], [12, 21], [10, 21], [22, 21], [7, 12], [21, 12], [10, 12], [22, 12], [10, 23], [11, 23], [9, 23], [24, 25], [8, 25], [4, 25], [20, 25], [25, 24], [8, 24], [20, 24], [6, 8], [25, 8], [24, 8], [9, 8], [5, 10], [7, 10], [21, 10], [12, 10], [23, 10], [22, 10], [11, 10], [0, 4], [2, 4], [25, 4], [3, 4], [20, 4], [1, 3], [0, 3], [2, 3], [4, 3], [20, 3], [21, 22], [12, 22], [10, 22], [2, 20], [25, 20], [24, 20], [4, 20], [3, 20], [5, 11], [23, 11], [10, 11], [9, 11], [6, 9], [23, 9], [8, 9], [11, 9], [14, 15], [16, 15], [19, 15], [13, 18], [17, 18], [16, 18], [19, 18], [14, 16], [15, 16], [18, 16], [19, 16], [13, 19], [17, 19], [15, 19], [18, 19], [16, 19]], "labels": {"0": "1", "1": "1", "2": "2", "3": "2", "4": "2", "5": "1", "6": "1", "7": "1", "8": "2", "9": "2", "10": "2", "11": "2", "12": "2", "13": "1", "14": "1", "15": "2", "16": "2", "17": "1", "18": "2", "19": "2", "20": "2", "21": "2", "22": "2", "23": "2", "24": "2", "25": "2"}, "target": 2}