{"edges": [[0, 1], [2, 1], [1, 0], [3, 0], [2, 0], [4, 0], [5, 0], [0, 3], [6, 3], [7, 3], [5, 3], [8, 3], [3, 6], [7, 6], [8, 6], [3, 7], [6, 7], [9, 7], [10, 7], [4, 11], [12, 11], [13, 11], [14, 11], [1, 2], [0, 2], [15, 2], [16, 2], [13, 2], [2, 15], [16, 15], [5, 15], [17, 15], [2, 16], [15, 16], [9, 16], [17, 16], [18, 16], [7, 9], [16, 9], [10, 9], [8, 9], [18, 9], [7, 10], [9, 10], [18, 10], [0, 4], [11, 4], [12, 4], [5, 4], [14, 4], [17, 4], [11, 12], [4, 12], [0, 5], [3, 5], [15, 5], [4, 5], [8, 5], [13, 5], [18, 5], [3, 8], [6, 8], [9, 8], [5, 8], [17, 8], [18, 8], [11, 13], [2, 13], [5, 13], [17, 13], [11, 14], [4, 14], [15, 17], [16, 17], [4, 17], [8, 17], [13, 17], [18, 17], [16, 18], [9, 18], [10, 18], [5, 18], [8, 18], [17, 18]], "labels": {"0": "1", "1": "1", "2": "1", "3": "1", "4": "2", "5": "2", "6": "1", "7": "1", "8": "2", "9": "1", "10": "1", "11": "1", "12": "2", "13": "2", "14": "2", "15": "1", "16": "1", "17": "2", "18": "2"}, "target": 2}