{"edges": [[0, 1], [2, 1], [3, 1], [4, 5], [6, 5], [7, 5], [5, 4], [8, 4], [9, 4], [10, 11], [12, 11], [9, 11], [13, 11], [11, 10], [14, 10], [15, 10], [16, 10], [16, 17], [18, 17], [19, 17], [20, 21], [22, 21], [23, 21], [24, 21], [20, 25], [26, 25], [27, 25], [28, 29], [30, 29], [31, 29], [2, 29], [29, 28], [32, 28], [33, 28], [31, 28], [28, 32], [30, 32], [13, 32], [34, 35], [36, 35], [13, 35], [35, 34], [37, 34], [19, 34], [37, 38], [36, 38], [19, 38], [39, 38], [22, 40], [41, 40], [23, 40], [24, 40], [42, 43], [26, 43], [27, 43], [8, 44], [0, 44], [45, 44], [3, 44], [4, 8], [44, 8], [6, 8], [45, 8], [5, 6], [8, 6], [46, 6], [10, 14], [12, 14], [46, 14], [11, 12], [14, 12], [47, 12], [10, 15], [16, 15], [47, 15], [48, 15], [22, 49], [50, 49], [24, 49], [26, 51], [50, 51], [27, 51], [0, 52], [53, 52], [54, 52], [29, 30], [32, 30], [33, 30], [7, 30], [53, 30], [28, 33], [30, 33], [55, 33], [34, 37], [38, 37], [36, 37], [9, 37], [55, 37], [35, 36], [38, 36], [37, 36], [56, 36], [16, 57], [19, 57], [56, 57], [58, 57], [22, 59], [24, 59], [60, 59], [61, 59], [43, 42], [26, 42], [27, 42], [4, 9], [11, 9], [37, 9], [5, 7], [30, 7], [0, 7], [10, 16], [17, 16], [15, 16], [57, 16], [1, 0], [44, 0], [52, 0], [7, 0], [17, 18], [62, 18], [21, 20], [25, 20], [41, 20], [60, 20], [18, 62], [22, 62], [63, 62], [21, 22], [40, 22], [49, 22], [59, 22], [62, 22], [61, 22], [11, 13], [32, 13], [35, 13], [29, 31], [28, 31], [17, 19], [34, 19], [38, 19], [57, 19], [1, 2], [29, 2], [38, 39], [64, 39], [40, 41], [20, 41], [26, 41], [50, 41], [27, 41], [25, 26], [43, 26], [51, 26], [42, 26], [41, 26], [39, 64], [23, 64], [63, 64], [21, 23], [40, 23], [64, 23], [61, 23], [6, 46], [14, 46], [44, 45], [8, 45], [12, 47], [15, 47], [1, 3], [44, 3], [15, 48], [63, 48], [49, 50], [51, 50], [41, 50], [60, 50], [62, 63], [64, 63], [48, 63], [24, 63], [65, 63], [21, 24], [40, 24], [49, 24], [59, 24], [63, 24], [61, 24], [33, 55], [37, 55], [52, 53], [30, 53], [36, 56], [57, 56], [52, 54], [57, 58], [65, 58], [59, 60], [20, 60], [50, 60], [27, 60], [25, 27], [43, 27], [51, 27], [42, 27], [41, 27], [60, 27], [63, 65], [58, 65], [61, 65], [59, 61], [22, 61], [23, 61], [24, 61], [65, 61]], "labels": {"0": "2", "1": "1", "2": "2", "3": "2", "4": "1", "5": "1", "6": "1", "7": "2", "8": "1", "9": "2", "10": "1", "11": "1", "12": "1", "13": "2", "14": "1", "15": "1", "16": "2", "17": "1", "18": "2", "19": "2", "20": "2", "21": "1", "22": "2", "23": "2", "24": "2", "25": "1", "26": "2", "27": "2", "28": "1", "29": "1", "30": "1", "31": "2", "32": "1", "33": "1", "34": "1", "35": "1", "36": "1", "37": "1", "38": "1", "39": "2", "40": "1", "41": "2", "42": "1", "43": "1", "44": "1", "45": "2", "46": "2", "47": "2", "48": "2", "49": "1", "50": "2", "51": "1", "52": "1", "53": "2", "54": "2", "55": "2", "56": "2", "57": "1", "58": "2", "59": "1", "60": "2", "61": "2", "62": "2", "63": "2", "64": "2", "65": "2"}, "target": 2}