{"edges": [[0, 1], [2, 1], [3, 1], [1, 0], [2, 0], [4, 0], [5, 0], [6, 0], [1, 2], [0, 2], [3, 2], [5, 2], [7, 2], [8, 9], [10, 9], [7, 9], [9, 8], [11, 8], [10, 8], [12, 8], [8, 11], [13, 11], [14, 11], [15, 11], [10, 11], [16, 11], [12, 11], [11, 13], [17, 13], [10, 13], [18, 13], [19, 13], [13, 17], [16, 17], [18, 17], [19, 17], [0, 4], [3, 4], [20, 4], [21, 4], [1, 3], [2, 3], [4, 3], [5, 3], [20, 3], [0, 5], [2, 5], [3, 5], [22, 5], [11, 14], [15, 14], [22, 14], [11, 15], [14, 15], [12, 15], [23, 15], [9, 10], [8, 10], [11, 10], [13, 10], [16, 10], [23, 10], [11, 16], [17, 16], [10, 16], [18, 16], [19, 16], [24, 16], [13, 18], [17, 18], [16, 18], [24, 18], [0, 6], [25, 6], [21, 6], [2, 7], [9, 7], [12, 7], [23, 7], [6, 25], [20, 25], [8, 12], [11, 12], [15, 12], [7, 12], [22, 12], [13, 19], [17, 19], [16, 19], [24, 19], [4, 20], [3, 20], [25, 20], [21, 20], [5, 22], [14, 22], [12, 22], [23, 22], [4, 21], [6, 21], [20, 21], [15, 23], [10, 23], [7, 23], [22, 23], [16, 24], [18, 24], [19, 24]], "labels": {"0": "1", "1": "1", "2": "1", "3": "1", "4": "1", "5": "1", "6": "2", "7": "2", "8": "1", "9": "1", "10": "1", "11": "1", "12": "2", "13": "1", "14": "1", "15": "1", "16": "1", "17": "1", "18": "1", "19": "2", "20": "2", "21": "2", "22": "2", "23": "2", "24": "2", "25": "2"}, "target": 2}