{"edges": [[0, 1], [2, 1], [3, 1], [1, 0], [4, 0], [2, 0], [3, 0], [0, 4], [2, 4], [5, 4], [3, 4], [6, 4], [7, 8], [9, 8], [10, 8], [5, 8], [6, 8], [8, 7], [9, 7], [10, 7], [6, 7], [8, 9], [7, 9], [10, 9], [11, 9], [12, 9], [8, 10], [7, 10], [9, 10], [11, 10], [12, 10], [9, 11], [10, 11], [13, 11], [14, 11], [15, 11], [12, 11], [11, 13], [14, 13], [16, 13], [17, 13], [15, 13], [11, 14], [13, 14], [16, 14], [17, 14], [18, 14], [13, 16], [14, 16], [18, 16], [19, 16], [1, 2], [0, 2], [4, 2], [5, 2], [3, 2], [4, 5], [8, 5], [2, 5], [6, 5], [1, 3], [0, 3], [4, 3], [2, 3], [4, 6], [8, 6], [7, 6], [5, 6], [12, 6], [13, 17], [14, 17], [15, 17], [18, 17], [19, 17], [11, 15], [13, 15], [17, 15], [12, 15], [18, 15], [9, 12], [10, 12], [11, 12], [6, 12], [15, 12], [14, 18], [16, 18], [17, 18], [15, 18], [19, 18], [16, 19], [17, 19], [18, 19]], "labels": {"0": "1", "1": "1", "2": "2", "3": "2", "4": "1", "5": "2", "6": "2", "7": "1", "8": "1", "9": "1", "10": "1", "11": "1", "12": "2", "13": "1", "14": "1", "15": "2", "16": "1", "17": "2", "18": "2", "19": "2"}, "target": 2}