{"edges": [[0, 1], [2, 1], [3, 1], [4, 5], [6, 5], [7, 5], [5, 4], [8, 4], [9, 4], [10, 11], [12, 11], [13, 11], [11, 10], [14, 10], [15, 10], [10, 14], [16, 14], [17, 14], [18, 14], [19, 14], [14, 16], [17, 16], [14, 17], [16, 17], [20, 17], [21, 22], [23, 22], [24, 22], [25, 22], [22, 21], [23, 21], [22, 23], [21, 23], [24, 23], [26, 23], [0, 27], [2, 27], [3, 27], [4, 8], [6, 8], [7, 8], [28, 8], [5, 6], [8, 6], [29, 6], [10, 15], [12, 15], [30, 15], [11, 12], [15, 12], [18, 12], [14, 18], [12, 18], [19, 18], [31, 18], [14, 19], [18, 19], [31, 19], [18, 31], [19, 31], [20, 31], [32, 31], [24, 33], [26, 33], [25, 33], [34, 33], [22, 24], [23, 24], [33, 24], [26, 24], [23, 26], [33, 26], [24, 26], [1, 0], [27, 0], [2, 0], [35, 0], [1, 2], [27, 2], [0, 2], [7, 2], [3, 2], [28, 2], [5, 7], [8, 7], [2, 7], [35, 7], [9, 36], [13, 36], [29, 36], [30, 36], [4, 9], [36, 9], [37, 9], [11, 13], [36, 13], [37, 13], [38, 39], [20, 39], [40, 39], [32, 39], [39, 38], [25, 38], [41, 38], [34, 38], [17, 20], [31, 20], [39, 20], [41, 20], [22, 25], [33, 25], [38, 25], [40, 25], [34, 25], [1, 3], [27, 3], [2, 3], [35, 3], [0, 35], [7, 35], [3, 35], [28, 35], [8, 28], [2, 28], [35, 28], [9, 37], [13, 37], [29, 37], [30, 37], [6, 29], [36, 29], [37, 29], [15, 30], [36, 30], [37, 30], [38, 41], [20, 41], [40, 41], [32, 41], [39, 40], [25, 40], [41, 40], [34, 40], [31, 32], [39, 32], [41, 32], [33, 34], [38, 34], [25, 34], [40, 34]], "labels": {"0": "2", "1": "1", "2": "2", "3": "2", "4": "1", "5": "1", "6": "1", "7": "2", "8": "1", "9": "2", "10": "1", "11": "1", "12": "1", "13": "2", "14": "1", "15": "1", "16": "1", "17": "1", "18": "1", "19": "1", "20": "2", "21": "1", "22": "1", "23": "1", "24": "1", "25": "2", "26": "1", "27": "1", "28": "2", "29": "2", "30": "2", "31": "1", "32": "2", "33": "1", "34": "2", "35": "2", "36": "2", "37": "2", "38": "2", "39": "2", "40": "2", "41": "2"}, "target": 2}