{"edges": [[0, 1], [2, 1], [3, 1], [4, 5], [6, 5], [7, 5], [5, 4], [8, 4], [9, 4], [10, 11], [12, 11], [13, 11], [11, 10], [14, 10], [15, 10], [10, 14], [16, 14], [17, 14], [12, 14], [18, 14], [14, 16], [17, 16], [14, 17], [16, 17], [19, 17], [20, 21], [22, 21], [23, 21], [24, 21], [21, 20], [22, 20], [25, 20], [21, 22], [20, 22], [25, 22], [20, 25], [22, 25], [26, 25], [0, 27], [2, 27], [3, 27], [4, 8], [6, 8], [7, 8], [28, 8], [5, 6], [8, 6], [29, 6], [10, 15], [12, 15], [30, 15], [11, 12], [14, 12], [15, 12], [18, 12], [14, 18], [12, 18], [31, 18], [18, 31], [32, 31], [19, 31], [33, 31], [23, 34], [26, 34], [24, 34], [35, 34], [21, 23], [34, 23], [26, 23], [25, 26], [34, 26], [23, 26], [1, 0], [27, 0], [2, 0], [36, 0], [1, 2], [27, 2], [0, 2], [7, 2], [3, 2], [28, 2], [5, 7], [8, 7], [2, 7], [36, 7], [9, 37], [13, 37], [29, 37], [30, 37], [4, 9], [37, 9], [38, 9], [11, 13], [37, 13], [38, 13], [31, 32], [39, 32], [19, 32], [40, 32], [41, 32], [33, 32], [32, 39], [24, 39], [40, 39], [35, 39], [17, 19], [31, 19], [32, 19], [40, 19], [21, 24], [34, 24], [39, 24], [41, 24], [35, 24], [1, 3], [27, 3], [2, 3], [36, 3], [0, 36], [7, 36], [3, 36], [28, 36], [8, 28], [2, 28], [36, 28], [9, 38], [13, 38], [29, 38], [30, 38], [6, 29], [37, 29], [38, 29], [15, 30], [37, 30], [38, 30], [32, 40], [39, 40], [19, 40], [41, 40], [33, 40], [32, 41], [24, 41], [40, 41], [35, 41], [31, 33], [32, 33], [40, 33], [34, 35], [39, 35], [24, 35], [41, 35]], "labels": {"0": "2", "1": "1", "2": "2", "3": "2", "4": "1", "5": "1", "6": "1", "7": "2", "8": "1", "9": "2", "10": "1", "11": "1", "12": "1", "13": "2", "14": "1", "15": "1", "16": "1", "17": "1", "18": "1", "19": "2", "20": "1", "21": "1", "22": "1", "23": "1", "24": "2", "25": "1", "26": "1", "27": "1", "28": "2", "29": "2", "30": "2", "31": "1", "32": "2", "33": "2", "34": "1", "35": "2", "36": "2", "37": "2", "38": "2", "39": "2", "40": "2", "41": "2"}, "target": 2}