{"edges": [[0, 1], [2, 1], [3, 1], [4, 1], [1, 0], [2, 0], [4, 0], [5, 0], [1, 2], [0, 2], [3, 2], [5, 2], [6, 7], [8, 7], [7, 6], [9, 6], [10, 6], [11, 6], [6, 9], [3, 9], [8, 9], [5, 9], [1, 3], [2, 3], [9, 3], [4, 3], [11, 3], [5, 3], [1, 4], [0, 4], [3, 4], [5, 4], [6, 10], [8, 10], [7, 8], [9, 8], [10, 8], [11, 8], [6, 11], [3, 11], [8, 11], [5, 11], [0, 5], [2, 5], [9, 5], [3, 5], [4, 5], [11, 5]], "labels": {"0": "1", "1": "1", "2": "2", "3": "2", "4": "2", "5": "2", "6": "2", "7": "2", "8": "2", "9": "2", "10": "2", "11": "2"}, "target": 2}