{"edges": [[0, 1], [2, 1], [1, 0], [2, 0], [3, 0], [4, 0], [5, 0], [2, 6], [4, 6], [7, 6], [8, 6], [1, 2], [0, 2], [6, 2], [5, 2], [9, 10], [11, 10], [10, 9], [12, 9], [13, 9], [14, 9], [9, 12], [15, 12], [11, 12], [12, 15], [16, 15], [17, 15], [7, 15], [0, 3], [4, 3], [8, 3], [5, 3], [0, 4], [6, 4], [3, 4], [16, 4], [8, 4], [5, 4], [15, 16], [4, 16], [17, 16], [7, 16], [9, 13], [11, 13], [10, 11], [12, 11], [13, 11], [14, 11], [9, 14], [11, 14], [17, 14], [15, 17], [16, 17], [14, 17], [7, 17], [6, 7], [15, 7], [16, 7], [17, 7], [6, 8], [3, 8], [4, 8], [5, 8], [0, 5], [2, 5], [3, 5], [4, 5], [8, 5]], "labels": {"0": "1", "1": "1", "2": "1", "3": "2", "4": "2", "5": "2", "6": "1", "7": "2", "8": "2", "9": "2", "10": "2", "11": "2", "12": "2", "13": "2", "14": "2", "15": "2", "16": "2", "17": "2"}, "target": 2}