{"edges": [[0, 1], [2, 1], [3, 1], [4, 5], [6, 5], [7, 5], [2, 5], [5, 4], [0, 4], [8, 4], [9, 10], [11, 10], [12, 10], [5, 6], [2, 6], [13, 6], [3, 6], [1, 0], [4, 0], [7, 0], [3, 0], [5, 7], [0, 7], [14, 7], [10, 9], [11, 9], [12, 9], [15, 16], [17, 16], [16, 15], [18, 15], [19, 15], [20, 15], [15, 18], [21, 18], [17, 18], [18, 21], [2, 21], [13, 21], [3, 21], [10, 11], [9, 11], [8, 11], [14, 11], [4, 8], [11, 8], [12, 8], [1, 2], [5, 2], [6, 2], [21, 2], [13, 2], [3, 2], [15, 19], [17, 19], [16, 17], [18, 17], [19, 17], [20, 17], [15, 20], [17, 20], [13, 20], [6, 13], [21, 13], [2, 13], [20, 13], [3, 13], [10, 12], [9, 12], [8, 12], [14, 12], [7, 14], [11, 14], [12, 14], [1, 3], [6, 3], [0, 3], [21, 3], [2, 3], [13, 3]], "labels": {"0": "1", "1": "1", "2": "2", "3": "2", "4": "1", "5": "1", "6": "1", "7": "1", "8": "2", "9": "1", "10": "1", "11": "2", "12": "2", "13": "2", "14": "2", "15": "2", "16": "2", "17": "2", "18": "2", "19": "2", "20": "2", "21": "2"}, "target": 2}