{"edges": [[0, 1], [2, 1], [3, 1], [1, 0], [4, 0], [5, 0], [6, 0], [0, 4], [7, 4], [8, 4], [9, 10], [11, 10], [12, 10], [2, 13], [3, 13], [14, 13], [15, 13], [1, 2], [13, 2], [3, 2], [16, 2], [1, 3], [13, 3], [2, 3], [17, 3], [18, 19], [20, 19], [17, 19], [18, 21], [22, 21], [5, 21], [20, 21], [19, 18], [21, 18], [20, 18], [17, 18], [7, 23], [8, 23], [24, 23], [4, 7], [23, 7], [8, 7], [6, 7], [21, 22], [5, 22], [20, 22], [0, 5], [21, 5], [22, 5], [8, 5], [6, 5], [19, 20], [21, 20], [18, 20], [22, 20], [4, 8], [23, 8], [7, 8], [5, 8], [6, 8], [0, 6], [7, 6], [5, 6], [8, 6], [23, 24], [25, 24], [26, 24], [25, 27], [28, 27], [11, 27], [26, 27], [24, 25], [27, 25], [28, 25], [26, 25], [9, 29], [11, 29], [12, 29], [10, 9], [29, 9], [11, 9], [12, 9], [27, 28], [25, 28], [11, 28], [26, 28], [10, 11], [27, 11], [29, 11], [9, 11], [28, 11], [12, 11], [24, 26], [27, 26], [25, 26], [28, 26], [10, 12], [29, 12], [9, 12], [11, 12], [30, 31], [32, 31], [33, 31], [31, 30], [32, 30], [33, 30], [31, 32], [30, 32], [33, 32], [3, 17], [19, 17], [18, 17], [16, 17], [31, 33], [30, 33], [32, 33], [34, 33], [35, 33], [33, 34], [35, 34], [15, 34], [13, 14], [16, 14], [35, 14], [15, 14], [2, 16], [17, 16], [14, 16], [35, 16], [15, 16], [33, 35], [34, 35], [14, 35], [16, 35], [15, 35], [13, 15], [34, 15], [14, 15], [16, 15], [35, 15]], "labels": {"0": "1", "1": "1", "2": "1", "3": "1", "4": "1", "5": "2", "6": "2", "7": "2", "8": "2", "9": "2", "10": "1", "11": "2", "12": "2", "13": "1", "14": "2", "15": "2", "16": "2", "17": "2", "18": "2", "19": "2", "20": "2", "21": "2", "22": "2", "23": "2", "24": "2", "25": "2", "26": "2", "27": "2", "28": "2", "29": "2", "30": "2", "31": "2", "32": "2", "33": "2", "34": "2", "35": "2"}, "target": 2}