{"edges": [[0, 1], [2, 1], [3, 1], [4, 5], [6, 5], [7, 5], [0, 5], [8, 5], [9, 5], [5, 4], [10, 4], [11, 4], [12, 4], [13, 14], [15, 14], [16, 14], [14, 13], [17, 13], [18, 13], [13, 17], [19, 17], [20, 17], [17, 19], [21, 19], [22, 19], [19, 21], [20, 21], [22, 21], [5, 6], [10, 6], [23, 6], [3, 6], [4, 10], [6, 10], [7, 10], [9, 10], [5, 7], [10, 7], [12, 7], [13, 18], [15, 18], [24, 18], [14, 15], [18, 15], [25, 15], [15, 25], [20, 25], [17, 20], [21, 20], [25, 20], [22, 20], [19, 22], [21, 22], [20, 22], [1, 0], [5, 0], [8, 0], [2, 0], [9, 0], [5, 8], [0, 8], [23, 8], [1, 2], [0, 2], [26, 2], [2, 26], [27, 26], [3, 26], [28, 26], [26, 27], [29, 27], [4, 11], [16, 11], [24, 11], [14, 16], [11, 16], [12, 16], [24, 16], [6, 23], [8, 23], [9, 23], [5, 9], [10, 9], [0, 9], [23, 9], [1, 3], [6, 3], [26, 3], [29, 3], [27, 29], [3, 29], [28, 29], [26, 28], [29, 28], [4, 12], [7, 12], [16, 12], [24, 12], [18, 24], [11, 24], [16, 24], [12, 24]], "labels": {"0": "2", "1": "1", "2": "2", "3": "2", "4": "1", "5": "1", "6": "1", "7": "1", "8": "2", "9": "2", "10": "1", "11": "2", "12": "2", "13": "1", "14": "1", "15": "1", "16": "2", "17": "1", "18": "1", "19": "1", "20": "1", "21": "1", "22": "1", "23": "2", "24": "2", "25": "1", "26": "2", "27": "2", "28": "2", "29": "2"}, "target": 2}