{"edges": [[0, 1], [1, 0], [2, 3], [3, 2], [4, 5], [5, 4], [6, 7], [8, 9], [9, 8], [10, 11], [11, 10], [12, 10], [10, 12], [13, 14], [15, 16], [17, 18], [19, 18], [18, 17], [20, 21], [21, 20], [16, 15], [18, 19], [14, 13], [22, 13], [13, 22], [23, 24], [24, 23], [7, 6], [25, 26], [26, 25], [27, 25], [25, 27]], "labels": {"0": "1", "1": "1", "2": "1", "3": "1", "4": "1", "5": "1", "6": "1", "7": "1", "8": "1", "9": "1", "10": "2", "11": "1", "12": "1", "13": "2", "14": "1", "15": "1", "16": "1", "17": "1", "18": "2", "19": "1", "20": "1", "21": "1", "22": "1", "23": "1", "24": "1", "25": "2", "26": "1", "27": "1"}, "target": 6}