{"edges": [[0, 1], [2, 1], [3, 1], [1, 0], [2, 0], [3, 0], [4, 5], [6, 5], [7, 5], [5, 4], [8, 4], [9, 4], [4, 8], [10, 8], [11, 8], [9, 8], [12, 8], [8, 10], [9, 10], [1, 2], [0, 2], [13, 2], [14, 2], [2, 13], [6, 13], [3, 13], [7, 13], [5, 6], [13, 6], [15, 6], [14, 6], [7, 6], [6, 15], [11, 15], [7, 15], [8, 11], [15, 11], [9, 11], [4, 9], [8, 9], [10, 9], [11, 9], [12, 9], [8, 12], [9, 12], [1, 3], [0, 3], [13, 3], [14, 3], [2, 14], [6, 14], [3, 14], [7, 14], [5, 7], [13, 7], [6, 7], [15, 7], [14, 7]], "labels": {"0": "1", "1": "1", "2": "2", "3": "2", "4": "2", "5": "2", "6": "2", "7": "2", "8": "2", "9": "2", "10": "2", "11": "2", "12": "2", "13": "2", "14": "2", "15": "2"}, "target": 2}