{"edges": [[0, 1], [2, 1], [1, 0], [3, 0], [4, 0], [5, 0], [0, 3], [4, 3], [6, 3], [7, 3], [0, 4], [3, 4], [6, 4], [5, 4], [3, 6], [4, 6], [5, 6], [1, 2], [8, 2], [9, 2], [2, 8], [9, 8], [10, 8], [2, 9], [8, 9], [5, 9], [7, 9], [0, 5], [4, 5], [6, 5], [9, 5], [7, 5], [3, 7], [9, 7], [5, 7], [11, 7], [12, 7], [13, 7], [7, 11], [12, 11], [13, 11], [8, 10], [14, 10], [15, 10], [10, 14], [15, 14], [10, 15], [14, 15], [12, 15], [7, 12], [11, 12], [15, 12], [13, 12], [7, 13], [11, 13], [12, 13]], "labels": {"0": "4", "1": "2", "2": "3", "3": "4", "4": "4", "5": "5", "6": "3", "7": "6", "8": "3", "9": "4", "10": "3", "11": "3", "12": "4", "13": "3", "14": "2", "15": "3"}, "target": 2}