{"edges": [[0, 1], [2, 1], [3, 1], [4, 5], [6, 5], [0, 5], [7, 5], [8, 5], [9, 5], [5, 4], [6, 4], [8, 4], [5, 6], [4, 6], [10, 6], [7, 6], [11, 6], [6, 10], [8, 10], [11, 10], [12, 10], [13, 14], [15, 14], [16, 14], [17, 14], [14, 13], [15, 13], [18, 13], [14, 15], [13, 15], [19, 15], [15, 19], [20, 19], [19, 20], [21, 20], [22, 20], [20, 21], [22, 21], [23, 21], [20, 22], [21, 22], [23, 22], [1, 0], [5, 0], [2, 0], [24, 0], [3, 0], [5, 7], [6, 7], [8, 7], [25, 7], [5, 8], [4, 8], [10, 8], [7, 8], [11, 8], [6, 11], [10, 11], [8, 11], [26, 11], [14, 16], [18, 16], [27, 16], [13, 18], [16, 18], [28, 18], [18, 28], [29, 28], [28, 29], [30, 29], [23, 29], [29, 30], [23, 30], [21, 23], [22, 23], [29, 23], [30, 23], [31, 32], [33, 32], [24, 32], [32, 31], [2, 31], [33, 31], [24, 31], [2, 34], [9, 34], [3, 34], [1, 2], [0, 2], [31, 2], [34, 2], [9, 2], [25, 2], [3, 2], [5, 9], [34, 9], [2, 9], [25, 9], [10, 12], [17, 12], [27, 12], [14, 17], [12, 17], [26, 17], [27, 17], [32, 33], [31, 33], [24, 33], [0, 24], [32, 24], [31, 24], [33, 24], [7, 25], [2, 25], [9, 25], [3, 25], [1, 3], [0, 3], [34, 3], [2, 3], [25, 3], [11, 26], [17, 26], [27, 26], [16, 27], [12, 27], [17, 27], [26, 27]], "labels": {"0": "1", "1": "1", "2": "2", "3": "2", "4": "1", "5": "1", "6": "1", "7": "1", "8": "1", "9": "2", "10": "1", "11": "1", "12": "2", "13": "1", "14": "1", "15": "1", "16": "1", "17": "2", "18": "1", "19": "1", "20": "1", "21": "1", "22": "1", "23": "1", "24": "2", "25": "2", "26": "2", "27": "2", "28": "1", "29": "1", "30": "1", "31": "2", "32": "2", "33": "2", "34": "2"}, "target": 2}