{"edges": [[0, 1], [2, 1], [3, 1], [4, 5], [6, 5], [7, 5], [8, 5], [9, 10], [8, 10], [11, 10], [12, 10], [10, 9], [11, 9], [12, 9], [13, 9], [14, 15], [13, 15], [16, 15], [15, 14], [13, 14], [16, 14], [17, 14], [18, 19], [20, 19], [21, 19], [16, 19], [17, 19], [22, 19], [19, 18], [20, 18], [21, 18], [19, 20], [18, 20], [21, 20], [19, 21], [18, 21], [20, 21], [1, 0], [2, 0], [3, 0], [1, 2], [0, 2], [3, 2], [23, 2], [1, 3], [0, 3], [2, 3], [23, 3], [4, 3], [2, 23], [3, 23], [4, 23], [5, 4], [3, 4], [23, 4], [5, 6], [7, 6], [8, 6], [5, 7], [6, 7], [8, 7], [5, 8], [10, 8], [6, 8], [7, 8], [10, 11], [9, 11], [12, 11], [10, 12], [9, 12], [11, 12], [9, 13], [15, 13], [14, 13], [15, 16], [14, 16], [19, 16], [17, 16], [22, 16], [14, 17], [19, 17], [16, 17], [22, 17], [19, 22], [16, 22], [17, 22]], "labels": {"0": "2", "1": "1", "2": "2", "3": "2", "4": "2", "5": "1", "6": "2", "7": "2", "8": "2", "9": "1", "10": "1", "11": "2", "12": "2", "13": "2", "14": "1", "15": "1", "16": "2", "17": "2", "18": "1", "19": "1", "20": "1", "21": "1", "22": "2", "23": "2"}, "target": 6}