{"edges": [[0, 1], [2, 1], [3, 1], [4, 5], [6, 5], [7, 5], [8, 5], [9, 5], [5, 4], [10, 4], [9, 4], [11, 4], [4, 10], [12, 10], [13, 10], [14, 10], [10, 12], [15, 12], [16, 12], [17, 12], [12, 15], [16, 15], [17, 15], [18, 15], [12, 16], [15, 16], [19, 16], [20, 16], [18, 16], [21, 16], [16, 19], [20, 19], [22, 19], [21, 19], [16, 20], [19, 20], [22, 20], [23, 20], [19, 22], [20, 22], [23, 22], [24, 22], [21, 22], [20, 23], [22, 23], [24, 23], [22, 24], [23, 24], [25, 24], [24, 25], [26, 25], [27, 25], [28, 25], [25, 26], [27, 26], [28, 26], [25, 27], [26, 27], [28, 27], [25, 28], [26, 28], [27, 28], [29, 30], [31, 30], [32, 30], [0, 30], [3, 30], [30, 29], [31, 29], [32, 29], [0, 29], [30, 31], [29, 31], [32, 31], [30, 32], [29, 32], [31, 32], [1, 0], [30, 0], [29, 0], [3, 0], [5, 6], [7, 6], [8, 6], [33, 6], [9, 6], [5, 7], [6, 7], [8, 7], [33, 7], [34, 35], [36, 35], [37, 35], [35, 34], [2, 34], [36, 34], [37, 34], [38, 34], [1, 2], [34, 2], [3, 2], [37, 2], [38, 2], [1, 3], [30, 3], [0, 3], [2, 3], [38, 3], [5, 8], [6, 8], [7, 8], [33, 8], [9, 8], [6, 33], [7, 33], [8, 33], [36, 33], [35, 36], [34, 36], [33, 36], [37, 36], [35, 37], [34, 37], [2, 37], [36, 37], [38, 37], [34, 38], [2, 38], [3, 38], [37, 38], [5, 9], [4, 9], [6, 9], [8, 9], [11, 9], [39, 9], [4, 11], [9, 11], [39, 11], [13, 11], [9, 39], [11, 39], [13, 39], [14, 39], [10, 13], [11, 13], [39, 13], [14, 13], [12, 17], [15, 17], [14, 17], [10, 14], [39, 14], [13, 14], [17, 14], [15, 18], [16, 18], [21, 18], [16, 21], [19, 21], [22, 21], [18, 21]], "labels": {"0": "2", "1": "1", "2": "2", "3": "2", "4": "1", "5": "1", "6": "2", "7": "2", "8": "2", "9": "2", "10": "1", "11": "2", "12": "1", "13": "2", "14": "2", "15": "1", "16": "1", "17": "2", "18": "2", "19": "1", "20": "1", "21": "2", "22": "1", "23": "1", "24": "1", "25": "1", "26": "1", "27": "1", "28": "1", "29": "2", "30": "2", "31": "2", "32": "2", "33": "2", "34": "2", "35": "2", "36": "2", "37": "2", "38": "2", "39": "2"}, "target": 2}