{"edges": [[0, 1], [2, 1], [3, 1], [4, 5], [6, 5], [0, 5], [7, 5], [5, 4], [7, 4], [8, 4], [9, 10], [11, 10], [12, 10], [5, 6], [0, 6], [2, 6], [7, 6], [1, 0], [5, 0], [6, 0], [2, 0], [3, 0], [1, 2], [6, 2], [0, 2], [3, 2], [1, 3], [0, 3], [2, 3], [5, 7], [4, 7], [6, 7], [8, 7], [10, 9], [11, 9], [13, 9], [12, 9], [10, 11], [9, 11], [13, 11], [14, 11], [12, 11], [9, 13], [11, 13], [14, 13], [8, 13], [11, 14], [13, 14], [8, 14], [4, 8], [7, 8], [13, 8], [14, 8], [10, 12], [9, 12], [11, 12]], "labels": {"0": "2", "1": "1", "2": "2", "3": "2", "4": "1", "5": "1", "6": "2", "7": "2", "8": "2", "9": "2", "10": "1", "11": "2", "12": "2", "13": "2", "14": "2"}, "target": 2}