{"edges": [[0, 1], [2, 1], [3, 1], [1, 0], [4, 0], [5, 0], [6, 0], [0, 4], [7, 4], [5, 4], [8, 4], [9, 4], [4, 7], [5, 7], [8, 7], [6, 7], [0, 5], [4, 5], [7, 5], [8, 5], [6, 5], [4, 8], [7, 8], [5, 8], [2, 10], [11, 10], [3, 10], [12, 10], [1, 2], [10, 2], [6, 2], [13, 2], [11, 2], [0, 6], [7, 6], [5, 6], [2, 6], [9, 6], [14, 6], [4, 9], [6, 9], [14, 9], [6, 14], [9, 14], [15, 14], [16, 14], [17, 14], [18, 14], [14, 15], [17, 15], [18, 15], [2, 13], [11, 13], [12, 13], [10, 11], [2, 11], [13, 11], [16, 11], [17, 11], [14, 16], [11, 16], [17, 16], [18, 16], [14, 17], [15, 17], [11, 17], [16, 17], [18, 17], [14, 18], [15, 18], [16, 18], [17, 18], [1, 3], [10, 3], [12, 3], [10, 12], [13, 12], [3, 12]], "labels": {"0": "4", "1": "3", "2": "5", "3": "3", "4": "5", "5": "5", "6": "6", "7": "4", "8": "3", "9": "3", "10": "4", "11": "5", "12": "3", "13": "3", "14": "6", "15": "3", "16": "4", "17": "5", "18": "4"}, "target": 2}