{"edges": [[0, 1], [2, 1], [3, 1], [4, 1], [1, 0], [5, 0], [4, 0], [6, 0], [0, 5], [7, 5], [8, 5], [9, 5], [10, 5], [5, 7], [8, 7], [9, 7], [5, 8], [7, 8], [9, 8], [11, 8], [5, 9], [7, 9], [8, 9], [12, 9], [11, 9], [13, 9], [9, 12], [14, 12], [15, 12], [16, 12], [12, 14], [15, 14], [17, 14], [12, 15], [14, 15], [17, 15], [18, 15], [19, 15], [14, 17], [15, 17], [18, 17], [19, 17], [15, 18], [17, 18], [19, 18], [15, 19], [17, 19], [18, 19], [1, 2], [3, 2], [4, 2], [1, 3], [2, 3], [4, 3], [6, 3], [1, 4], [0, 4], [2, 4], [3, 4], [10, 4], [6, 4], [5, 10], [4, 10], [6, 10], [11, 10], [0, 6], [3, 6], [4, 6], [10, 6], [8, 11], [9, 11], [10, 11], [16, 11], [13, 11], [20, 11], [12, 16], [11, 16], [13, 16], [20, 16], [9, 13], [11, 13], [16, 13], [20, 13], [11, 20], [16, 20], [13, 20]], "labels": {"0": "1", "1": "1", "2": "2", "3": "2", "4": "2", "5": "1", "6": "2", "7": "1", "8": "1", "9": "1", "10": "2", "11": "2", "12": "1", "13": "2", "14": "1", "15": "1", "16": "2", "17": "1", "18": "1", "19": "1", "20": "2"}, "target": 2}