{"edges": [[0, 1], [2, 1], [3, 1], [1, 0], [2, 0], [3, 0], [4, 0], [5, 0], [6, 7], [8, 7], [9, 7], [10, 7], [11, 7], [7, 6], [12, 6], [8, 6], [9, 6], [13, 6], [11, 6], [14, 6], [6, 12], [15, 12], [16, 12], [14, 12], [17, 12], [12, 15], [16, 15], [14, 15], [12, 16], [15, 16], [18, 16], [19, 16], [1, 2], [0, 2], [3, 2], [1, 3], [0, 3], [2, 3], [5, 3], [7, 8], [6, 8], [9, 8], [20, 8], [7, 9], [6, 9], [8, 9], [21, 9], [6, 13], [22, 13], [18, 13], [17, 13], [13, 22], [18, 22], [19, 22], [16, 18], [13, 18], [22, 18], [19, 18], [16, 19], [22, 19], [18, 19], [0, 4], [23, 4], [24, 4], [4, 23], [10, 23], [5, 23], [20, 23], [7, 10], [23, 10], [24, 10], [7, 11], [6, 11], [14, 11], [21, 11], [17, 11], [6, 14], [12, 14], [15, 14], [11, 14], [21, 14], [17, 14], [0, 5], [3, 5], [23, 5], [24, 5], [4, 24], [10, 24], [5, 24], [20, 24], [8, 20], [23, 20], [24, 20], [9, 21], [11, 21], [14, 21], [17, 21], [12, 17], [13, 17], [11, 17], [14, 17], [21, 17]], "labels": {"0": "1", "1": "1", "2": "1", "3": "1", "4": "2", "5": "2", "6": "1", "7": "1", "8": "1", "9": "1", "10": "2", "11": "2", "12": "1", "13": "1", "14": "2", "15": "1", "16": "1", "17": "2", "18": "1", "19": "1", "20": "2", "21": "2", "22": "1", "23": "2", "24": "2"}, "target": 3}