{"edges": [[0, 1], [2, 1], [3, 4], [5, 4], [6, 4], [7, 8], [9, 8], [10, 8], [11, 8], [12, 13], [14, 13], [10, 13], [13, 12], [15, 12], [16, 12], [17, 18], [15, 18], [16, 18], [18, 17], [19, 17], [20, 17], [17, 19], [21, 19], [22, 19], [23, 19], [19, 21], [24, 21], [25, 21], [21, 24], [23, 24], [25, 24], [0, 26], [2, 26], [3, 27], [6, 27], [28, 27], [8, 7], [10, 7], [29, 7], [11, 7], [13, 14], [11, 14], [16, 14], [22, 30], [15, 30], [16, 30], [19, 22], [30, 22], [20, 22], [17, 20], [22, 20], [23, 20], [19, 23], [24, 23], [20, 23], [25, 23], [21, 25], [24, 25], [23, 25], [1, 0], [26, 0], [3, 0], [6, 0], [4, 3], [27, 3], [0, 3], [2, 3], [4, 5], [31, 5], [32, 5], [5, 31], [9, 31], [28, 31], [29, 31], [8, 9], [31, 9], [32, 9], [8, 10], [13, 10], [7, 10], [11, 10], [12, 15], [18, 15], [30, 15], [16, 15], [1, 2], [26, 2], [3, 2], [6, 2], [4, 6], [27, 6], [0, 6], [2, 6], [27, 28], [31, 28], [32, 28], [5, 32], [9, 32], [28, 32], [29, 32], [7, 29], [31, 29], [32, 29], [8, 11], [7, 11], [14, 11], [10, 11], [12, 16], [18, 16], [14, 16], [30, 16], [15, 16]], "labels": {"0": "2", "1": "1", "2": "2", "3": "2", "4": "1", "5": "2", "6": "2", "7": "1", "8": "1", "9": "2", "10": "2", "11": "2", "12": "1", "13": "1", "14": "1", "15": "2", "16": "2", "17": "1", "18": "1", "19": "1", "20": "1", "21": "1", "22": "1", "23": "1", "24": "1", "25": "1", "26": "1", "27": "1", "28": "2", "29": "2", "30": "1", "31": "2", "32": "2"}, "target": 3}