{"edges": [[0, 1], [2, 1], [3, 1], [4, 1], [1, 0], [2, 0], [3, 0], [5, 0], [1, 2], [0, 2], [6, 2], [5, 2], [1, 3], [0, 3], [7, 3], [8, 9], [10, 9], [11, 9], [12, 9], [9, 8], [13, 8], [14, 8], [15, 8], [12, 8], [8, 13], [10, 13], [15, 13], [16, 13], [17, 18], [19, 18], [4, 18], [7, 18], [20, 18], [18, 17], [19, 17], [4, 17], [21, 17], [18, 19], [17, 19], [22, 19], [21, 19], [1, 4], [18, 4], [17, 4], [7, 4], [20, 4], [8, 14], [10, 14], [23, 14], [24, 14], [9, 10], [13, 10], [14, 10], [15, 10], [24, 10], [8, 15], [13, 15], [10, 15], [25, 15], [2, 6], [26, 6], [5, 6], [27, 6], [21, 6], [6, 26], [11, 26], [22, 26], [23, 26], [9, 11], [26, 11], [12, 11], [27, 11], [24, 11], [9, 12], [8, 12], [11, 12], [23, 12], [13, 16], [28, 16], [29, 16], [3, 7], [18, 7], [4, 7], [0, 5], [2, 5], [6, 5], [22, 5], [16, 28], [25, 28], [29, 28], [19, 22], [26, 22], [5, 22], [27, 22], [21, 22], [6, 27], [11, 27], [22, 27], [23, 27], [14, 23], [26, 23], [12, 23], [27, 23], [24, 23], [14, 24], [10, 24], [11, 24], [23, 24], [15, 25], [28, 25], [29, 25], [18, 20], [4, 20], [17, 21], [19, 21], [6, 21], [22, 21], [16, 29], [28, 29], [25, 29]], "labels": {"0": "1", "1": "1", "2": "1", "3": "1", "4": "1", "5": "2", "6": "2", "7": "2", "8": "1", "9": "1", "10": "1", "11": "2", "12": "2", "13": "1", "14": "1", "15": "1", "16": "2", "17": "1", "18": "1", "19": "1", "20": "2", "21": "2", "22": "2", "23": "2", "24": "2", "25": "2", "26": "2", "27": "2", "28": "2", "29": "2"}, "target": 3}