{"edges": [[0, 1], [2, 1], [3, 1], [0, 4], [5, 4], [2, 4], [3, 4], [6, 7], [8, 7], [9, 7], [10, 7], [6, 11], [12, 11], [13, 11], [14, 15], [12, 15], [16, 15], [15, 14], [17, 14], [18, 14], [14, 17], [18, 17], [19, 17], [14, 18], [17, 18], [19, 18], [17, 19], [18, 19], [20, 19], [21, 22], [0, 22], [2, 22], [22, 21], [0, 21], [2, 21], [3, 21], [23, 21], [9, 24], [25, 24], [10, 24], [26, 27], [12, 27], [16, 27], [27, 26], [28, 26], [20, 26], [29, 26], [26, 28], [20, 28], [29, 28], [19, 20], [26, 20], [28, 20], [29, 20], [26, 29], [28, 29], [20, 29], [1, 0], [4, 0], [22, 0], [21, 0], [2, 0], [7, 6], [11, 6], [9, 6], [12, 6], [10, 6], [16, 6], [4, 5], [30, 5], [31, 5], [5, 30], [8, 30], [23, 30], [25, 30], [7, 8], [30, 8], [31, 8], [7, 9], [24, 9], [6, 9], [11, 12], [15, 12], [27, 12], [6, 12], [13, 12], [16, 12], [1, 2], [4, 2], [22, 2], [21, 2], [0, 2], [3, 2], [1, 3], [4, 3], [21, 3], [2, 3], [11, 13], [12, 13], [10, 13], [16, 13], [21, 23], [30, 23], [31, 23], [5, 31], [8, 31], [23, 31], [25, 31], [24, 25], [30, 25], [31, 25], [7, 10], [24, 10], [6, 10], [13, 10], [15, 16], [27, 16], [6, 16], [12, 16], [13, 16]], "labels": {"0": "2", "1": "1", "2": "2", "3": "2", "4": "1", "5": "2", "6": "2", "7": "1", "8": "2", "9": "2", "10": "2", "11": "1", "12": "2", "13": "2", "14": "1", "15": "1", "16": "2", "17": "1", "18": "1", "19": "1", "20": "1", "21": "1", "22": "1", "23": "2", "24": "1", "25": "2", "26": "1", "27": "1", "28": "1", "29": "1", "30": "2", "31": "2"}, "target": 3}