{"edges": [[0, 1], [2, 1], [1, 0], [3, 0], [4, 0], [5, 0], [6, 0], [7, 8], [9, 8], [4, 8], [8, 7], [9, 7], [10, 7], [8, 9], [7, 9], [10, 9], [11, 9], [7, 10], [9, 10], [12, 10], [13, 10], [11, 10], [14, 10], [10, 12], [13, 12], [15, 12], [16, 12], [17, 12], [14, 12], [10, 13], [12, 13], [15, 13], [12, 15], [13, 15], [18, 15], [19, 15], [20, 15], [15, 18], [17, 18], [20, 18], [21, 18], [22, 23], [24, 23], [25, 23], [21, 23], [23, 22], [24, 22], [25, 22], [23, 24], [22, 24], [25, 24], [23, 25], [22, 25], [24, 25], [26, 25], [27, 25], [0, 3], [28, 3], [29, 3], [6, 3], [3, 28], [30, 28], [31, 28], [6, 28], [28, 30], [32, 30], [33, 30], [31, 30], [30, 32], [33, 32], [34, 32], [30, 33], [32, 33], [34, 33], [35, 33], [32, 34], [33, 34], [16, 34], [36, 34], [35, 34], [12, 16], [34, 16], [17, 16], [36, 16], [12, 17], [18, 17], [16, 17], [19, 17], [37, 17], [15, 19], [17, 19], [37, 19], [38, 19], [39, 40], [41, 40], [26, 40], [38, 40], [40, 39], [41, 39], [26, 39], [40, 41], [39, 41], [26, 41], [25, 26], [40, 26], [39, 26], [41, 26], [42, 26], [1, 2], [5, 2], [6, 2], [9, 11], [10, 11], [14, 11], [36, 11], [0, 4], [8, 4], [5, 4], [6, 4], [0, 5], [2, 5], [4, 5], [29, 5], [31, 5], [15, 20], [18, 20], [21, 20], [38, 20], [18, 21], [23, 21], [20, 21], [37, 21], [38, 21], [10, 14], [12, 14], [11, 14], [36, 14], [35, 14], [34, 36], [16, 36], [11, 36], [14, 36], [35, 36], [25, 27], [43, 27], [44, 27], [27, 43], [45, 43], [42, 43], [46, 43], [43, 45], [44, 45], [46, 45], [3, 29], [5, 29], [6, 29], [33, 35], [34, 35], [14, 35], [36, 35], [28, 31], [30, 31], [5, 31], [6, 31], [0, 6], [3, 6], [28, 6], [2, 6], [4, 6], [29, 6], [31, 6], [17, 37], [19, 37], [21, 37], [38, 37], [19, 38], [40, 38], [20, 38], [21, 38], [37, 38], [26, 42], [43, 42], [44, 42], [27, 44], [45, 44], [42, 44], [46, 44], [43, 46], [45, 46], [44, 46]], "labels": {"0": "1", "1": "1", "2": "2", "3": "1", "4": "2", "5": "2", "6": "2", "7": "1", "8": "1", "9": "1", "10": "1", "11": "2", "12": "1", "13": "1", "14": "2", "15": "1", "16": "1", "17": "1", "18": "1", "19": "1", "20": "2", "21": "2", "22": "1", "23": "1", "24": "1", "25": "1", "26": "1", "27": "2", "28": "1", "29": "2", "30": "1", "31": "2", "32": "1", "33": "1", "34": "1", "35": "2", "36": "2", "37": "2", "38": "2", "39": "1", "40": "1", "41": "1", "42": "2", "43": "2", "44": "2", "45": "2", "46": "2"}, "target": 6}