{"edges": [[0, 1], [2, 1], [3, 1], [4, 1], [1, 0], [5, 0], [6, 0], [3, 0], [7, 0], [4, 0], [0, 5], [8, 5], [9, 5], [10, 5], [7, 5], [5, 8], [11, 8], [12, 8], [13, 8], [10, 8], [8, 11], [14, 11], [15, 11], [16, 11], [17, 11], [11, 14], [18, 14], [19, 14], [20, 14], [16, 14], [14, 18], [21, 18], [22, 18], [15, 18], [23, 18], [18, 21], [22, 21], [20, 21], [23, 21], [24, 21], [25, 21], [18, 22], [21, 22], [23, 22], [26, 22], [0, 6], [2, 6], [4, 6], [1, 2], [6, 2], [12, 2], [27, 2], [8, 12], [2, 12], [9, 12], [28, 12], [27, 12], [5, 9], [12, 9], [29, 9], [28, 9], [14, 19], [15, 19], [30, 19], [31, 19], [11, 15], [18, 15], [19, 15], [20, 15], [30, 15], [14, 20], [21, 20], [15, 20], [23, 20], [24, 20], [18, 23], [21, 23], [22, 23], [20, 23], [24, 23], [32, 23], [21, 24], [20, 24], [23, 24], [33, 24], [1, 3], [0, 3], [21, 25], [26, 25], [33, 25], [11, 16], [14, 16], [17, 16], [31, 16], [11, 17], [16, 17], [13, 17], [30, 17], [29, 17], [8, 13], [17, 13], [10, 13], [31, 13], [28, 13], [5, 10], [8, 10], [13, 10], [7, 10], [29, 10], [27, 10], [0, 7], [5, 7], [10, 7], [28, 7], [22, 26], [25, 26], [32, 26], [33, 26], [1, 4], [0, 4], [6, 4], [23, 32], [26, 32], [33, 32], [19, 30], [15, 30], [17, 30], [31, 30], [19, 31], [16, 31], [13, 31], [30, 31], [29, 31], [9, 29], [17, 29], [10, 29], [31, 29], [28, 29], [12, 28], [9, 28], [13, 28], [7, 28], [29, 28], [27, 28], [2, 27], [12, 27], [10, 27], [28, 27], [24, 33], [25, 33], [26, 33], [32, 33]], "labels": {"0": "1", "1": "1", "2": "1", "3": "2", "4": "2", "5": "1", "6": "1", "7": "2", "8": "1", "9": "1", "10": "2", "11": "1", "12": "1", "13": "2", "14": "1", "15": "1", "16": "2", "17": "2", "18": "1", "19": "1", "20": "1", "21": "1", "22": "1", "23": "1", "24": "1", "25": "2", "26": "2", "27": "2", "28": "2", "29": "2", "30": "2", "31": "2", "32": "2", "33": "2"}, "target": 3}