{"edges": [[0, 1], [2, 1], [1, 0], [3, 0], [4, 0], [5, 6], [7, 6], [8, 6], [6, 5], [9, 5], [10, 5], [11, 5], [12, 5], [13, 5], [5, 9], [11, 9], [14, 9], [13, 9], [15, 9], [0, 3], [2, 3], [1, 2], [3, 2], [16, 2], [5, 10], [17, 10], [18, 10], [19, 10], [10, 17], [11, 17], [20, 17], [15, 17], [5, 11], [9, 11], [17, 11], [21, 11], [15, 11], [0, 4], [22, 4], [23, 4], [4, 22], [24, 22], [16, 22], [25, 22], [22, 24], [8, 24], [23, 24], [19, 24], [6, 7], [12, 7], [20, 7], [5, 12], [7, 12], [18, 12], [9, 14], [13, 14], [15, 14], [6, 8], [24, 8], [25, 8], [5, 13], [9, 13], [14, 13], [21, 13], [15, 13], [2, 16], [22, 16], [23, 16], [4, 23], [24, 23], [16, 23], [25, 23], [22, 25], [8, 25], [23, 25], [19, 25], [10, 18], [12, 18], [20, 18], [17, 20], [7, 20], [18, 20], [11, 21], [13, 21], [15, 21], [10, 19], [24, 19], [25, 19], [9, 15], [17, 15], [11, 15], [14, 15], [13, 15], [21, 15]], "labels": {"0": "1", "1": "1", "2": "1", "3": "1", "4": "2", "5": "1", "6": "1", "7": "2", "8": "2", "9": "1", "10": "1", "11": "1", "12": "2", "13": "2", "14": "2", "15": "2", "16": "2", "17": "1", "18": "2", "19": "2", "20": "2", "21": "2", "22": "2", "23": "2", "24": "2", "25": "2"}, "target": 3}