{"edges": [[0, 1], [2, 1], [1, 0], [3, 0], [4, 0], [5, 0], [6, 0], [0, 3], [7, 3], [8, 3], [5, 3], [3, 7], [9, 7], [10, 7], [11, 12], [13, 12], [14, 12], [15, 12], [12, 11], [16, 11], [17, 11], [15, 11], [11, 16], [13, 16], [17, 16], [18, 16], [19, 16], [0, 4], [2, 4], [6, 4], [20, 4], [1, 2], [4, 2], [9, 2], [5, 2], [6, 2], [20, 2], [7, 9], [2, 9], [8, 9], [3, 8], [9, 8], [21, 8], [22, 8], [8, 21], [13, 21], [23, 21], [24, 21], [12, 13], [16, 13], [21, 13], [17, 13], [18, 13], [24, 13], [11, 17], [16, 17], [13, 17], [18, 17], [25, 17], [16, 18], [13, 18], [17, 18], [25, 18], [0, 5], [3, 5], [2, 5], [6, 5], [20, 5], [15, 26], [19, 26], [25, 26], [7, 10], [14, 10], [23, 10], [12, 14], [10, 14], [15, 14], [22, 14], [24, 14], [12, 15], [11, 15], [26, 15], [14, 15], [19, 15], [23, 15], [25, 15], [16, 19], [26, 19], [15, 19], [0, 6], [4, 6], [2, 6], [5, 6], [20, 6], [8, 22], [14, 22], [23, 22], [21, 23], [10, 23], [15, 23], [22, 23], [24, 23], [21, 24], [13, 24], [14, 24], [23, 24], [17, 25], [18, 25], [26, 25], [15, 25], [4, 20], [2, 20], [5, 20], [6, 20]], "labels": {"0": "1", "1": "1", "2": "1", "3": "1", "4": "1", "5": "2", "6": "2", "7": "1", "8": "1", "9": "1", "10": "2", "11": "1", "12": "1", "13": "1", "14": "2", "15": "2", "16": "1", "17": "1", "18": "1", "19": "2", "20": "2", "21": "1", "22": "2", "23": "2", "24": "2", "25": "2", "26": "2"}, "target": 3}