{"edges": [[0, 1], [2, 1], [1, 0], [3, 0], [4, 0], [5, 0], [0, 3], [6, 3], [4, 3], [7, 3], [8, 3], [3, 6], [9, 6], [4, 6], [10, 6], [6, 9], [11, 9], [7, 9], [9, 11], [12, 11], [13, 11], [11, 12], [14, 12], [15, 12], [16, 12], [12, 14], [13, 14], [16, 14], [2, 17], [5, 17], [18, 17], [1, 2], [17, 2], [5, 2], [8, 2], [18, 2], [0, 4], [3, 4], [6, 4], [7, 4], [19, 4], [3, 7], [9, 7], [4, 7], [10, 7], [6, 10], [7, 10], [15, 10], [12, 15], [10, 15], [13, 15], [11, 13], [14, 13], [15, 13], [16, 13], [12, 16], [14, 16], [13, 16], [0, 5], [17, 5], [2, 5], [8, 5], [19, 5], [3, 8], [2, 8], [5, 8], [18, 8], [19, 8], [17, 18], [2, 18], [8, 18], [19, 18], [4, 19], [5, 19], [8, 19], [18, 19]], "labels": {"0": "1", "1": "1", "2": "1", "3": "1", "4": "1", "5": "2", "6": "1", "7": "1", "8": "2", "9": "1", "10": "1", "11": "1", "12": "1", "13": "1", "14": "1", "15": "1", "16": "1", "17": "1", "18": "2", "19": "2"}, "target": 3}