{"edges": [[0, 1], [2, 1], [1, 0], [3, 0], [4, 0], [5, 0], [0, 3], [6, 3], [5, 3], [3, 6], [7, 6], [8, 6], [6, 7], [9, 7], [10, 7], [7, 9], [11, 9], [12, 9], [9, 11], [13, 11], [14, 11], [10, 11], [11, 13], [14, 13], [15, 13], [11, 14], [13, 14], [15, 14], [13, 15], [14, 15], [16, 15], [17, 15], [18, 15], [15, 16], [19, 16], [17, 16], [20, 16], [16, 19], [21, 19], [22, 19], [23, 24], [25, 24], [26, 24], [0, 4], [2, 4], [1, 2], [4, 2], [8, 2], [6, 8], [2, 8], [5, 8], [0, 5], [3, 5], [8, 5], [12, 5], [9, 12], [5, 12], [10, 12], [7, 10], [11, 10], [12, 10], [27, 10], [10, 27], [28, 27], [17, 27], [27, 28], [17, 28], [20, 28], [15, 17], [16, 17], [27, 17], [28, 17], [20, 17], [16, 20], [28, 20], [17, 20], [18, 20], [15, 18], [20, 18], [29, 18], [18, 29], [21, 29], [22, 29], [23, 30], [26, 30], [19, 21], [29, 21], [23, 21], [22, 21], [31, 21], [24, 23], [30, 23], [21, 23], [25, 23], [22, 23], [26, 23], [24, 25], [23, 25], [31, 25], [26, 25], [19, 22], [29, 22], [21, 22], [23, 22], [31, 22], [21, 31], [25, 31], [22, 31], [26, 31], [24, 26], [30, 26], [23, 26], [25, 26], [31, 26]], "labels": {"0": "1", "1": "1", "2": "1", "3": "1", "4": "1", "5": "1", "6": "1", "7": "1", "8": "1", "9": "1", "10": "1", "11": "1", "12": "1", "13": "1", "14": "1", "15": "1", "16": "1", "17": "1", "18": "1", "19": "1", "20": "1", "21": "2", "22": "2", "23": "2", "24": "1", "25": "2", "26": "2", "27": "1", "28": "1", "29": "1", "30": "1", "31": "2"}, "target": 3}