{"edges": [[0, 1], [2, 1], [1, 0], [3, 0], [4, 0], [5, 0], [2, 0], [6, 0], [0, 3], [7, 3], [8, 3], [9, 3], [5, 3], [3, 7], [5, 7], [10, 7], [11, 12], [10, 12], [13, 12], [14, 12], [12, 11], [15, 11], [16, 11], [13, 11], [11, 15], [17, 15], [18, 15], [13, 15], [19, 15], [15, 17], [20, 17], [16, 17], [21, 17], [17, 20], [22, 20], [21, 20], [0, 4], [8, 4], [2, 4], [23, 4], [3, 8], [4, 8], [24, 8], [5, 8], [6, 8], [8, 24], [9, 24], [6, 24], [3, 9], [24, 9], [14, 9], [18, 25], [10, 25], [14, 25], [19, 25], [15, 18], [25, 18], [16, 18], [13, 18], [19, 18], [11, 16], [17, 16], [18, 16], [22, 16], [20, 22], [16, 22], [21, 22], [17, 21], [20, 21], [22, 21], [0, 5], [3, 5], [7, 5], [8, 5], [1, 2], [0, 2], [4, 2], [26, 2], [27, 2], [2, 26], [23, 26], [27, 26], [7, 10], [12, 10], [25, 10], [14, 10], [12, 13], [11, 13], [15, 13], [18, 13], [19, 13], [0, 6], [8, 6], [24, 6], [4, 23], [26, 23], [27, 23], [2, 27], [26, 27], [23, 27], [12, 14], [9, 14], [25, 14], [10, 14], [15, 19], [25, 19], [18, 19], [13, 19]], "labels": {"0": "1", "1": "1", "2": "2", "3": "1", "4": "1", "5": "2", "6": "2", "7": "1", "8": "1", "9": "1", "10": "2", "11": "1", "12": "1", "13": "2", "14": "2", "15": "1", "16": "1", "17": "1", "18": "1", "19": "2", "20": "1", "21": "1", "22": "1", "23": "2", "24": "1", "25": "1", "26": "2", "27": "2"}, "target": 3}