{"edges": [[0, 1], [2, 1], [3, 4], [5, 4], [6, 4], [7, 4], [4, 3], [8, 3], [9, 3], [3, 8], [10, 8], [11, 8], [10, 12], [11, 12], [13, 12], [14, 12], [15, 16], [17, 16], [7, 16], [9, 18], [19, 18], [20, 18], [7, 18], [3, 9], [18, 9], [21, 9], [13, 9], [20, 22], [10, 22], [13, 22], [0, 23], [2, 23], [24, 23], [4, 5], [25, 5], [6, 5], [24, 5], [5, 25], [11, 25], [13, 25], [14, 25], [9, 21], [10, 21], [14, 21], [18, 19], [26, 19], [27, 19], [16, 15], [20, 15], [27, 15], [18, 20], [22, 20], [15, 20], [28, 20], [8, 10], [12, 10], [22, 10], [21, 10], [28, 10], [1, 0], [23, 0], [29, 0], [6, 0], [0, 29], [30, 29], [29, 30], [4, 6], [5, 6], [0, 6], [8, 11], [12, 11], [25, 11], [13, 11], [28, 11], [16, 17], [31, 17], [17, 31], [32, 31], [31, 32], [4, 7], [16, 7], [18, 7], [12, 13], [9, 13], [22, 13], [25, 13], [11, 13], [14, 13], [28, 13], [1, 2], [23, 2], [33, 2], [2, 33], [34, 33], [33, 34], [23, 24], [5, 24], [12, 14], [25, 14], [21, 14], [13, 14], [28, 14], [19, 26], [35, 26], [26, 35], [36, 35], [35, 36], [19, 27], [15, 27], [20, 28], [10, 28], [11, 28], [13, 28], [14, 28]], "labels": {"0": "2", "1": "1", "2": "2", "3": "1", "4": "1", "5": "1", "6": "2", "7": "2", "8": "1", "9": "1", "10": "1", "11": "2", "12": "1", "13": "2", "14": "2", "15": "1", "16": "1", "17": "2", "18": "1", "19": "1", "20": "1", "21": "1", "22": "1", "23": "1", "24": "2", "25": "1", "26": "2", "27": "2", "28": "2", "29": "2", "30": "2", "31": "2", "32": "2", "33": "2", "34": "2", "35": "2", "36": "2"}, "target": 3}