{"edges": [[0, 1], [2, 1], [3, 1], [1, 0], [4, 0], [5, 0], [6, 0], [7, 8], [9, 8], [10, 8], [11, 8], [8, 7], [9, 7], [12, 7], [8, 9], [7, 9], [12, 9], [13, 9], [14, 9], [7, 12], [9, 12], [13, 12], [9, 13], [12, 13], [15, 13], [13, 15], [16, 15], [17, 15], [18, 15], [15, 16], [19, 16], [17, 16], [18, 16], [16, 19], [20, 19], [17, 19], [18, 19], [1, 2], [3, 2], [21, 2], [22, 2], [9, 14], [23, 14], [10, 14], [24, 14], [14, 23], [10, 23], [25, 23], [8, 10], [14, 10], [23, 10], [25, 10], [26, 10], [23, 25], [10, 25], [26, 25], [10, 26], [25, 26], [27, 26], [28, 26], [29, 26], [26, 27], [28, 27], [29, 27], [26, 28], [27, 28], [29, 28], [18, 28], [26, 29], [27, 29], [28, 29], [30, 29], [18, 29], [8, 11], [31, 11], [0, 4], [31, 4], [5, 4], [1, 3], [2, 3], [6, 3], [20, 32], [33, 32], [34, 32], [30, 32], [35, 32], [19, 20], [32, 20], [33, 20], [11, 31], [4, 31], [0, 5], [4, 5], [0, 6], [3, 6], [32, 33], [20, 33], [36, 33], [30, 33], [32, 34], [37, 34], [38, 34], [15, 17], [16, 17], [19, 17], [34, 37], [39, 37], [38, 37], [14, 24], [40, 24], [40, 41], [21, 41], [22, 42], [33, 36], [35, 36], [39, 36], [29, 30], [32, 30], [33, 30], [35, 30], [24, 40], [41, 40], [2, 21], [41, 21], [2, 22], [42, 22], [32, 35], [36, 35], [30, 35], [37, 39], [36, 39], [38, 39], [15, 18], [16, 18], [19, 18], [28, 18], [29, 18], [34, 38], [37, 38], [39, 38]], "labels": {"0": "1", "1": "1", "2": "1", "3": "2", "4": "2", "5": "2", "6": "2", "7": "1", "8": "1", "9": "1", "10": "1", "11": "2", "12": "1", "13": "1", "14": "1", "15": "1", "16": "1", "17": "2", "18": "2", "19": "1", "20": "2", "21": "2", "22": "2", "23": "1", "24": "2", "25": "1", "26": "1", "27": "1", "28": "1", "29": "1", "30": "2", "31": "2", "32": "2", "33": "2", "34": "2", "35": "2", "36": "2", "37": "2", "38": "2", "39": "2", "40": "2", "41": "2", "42": "2"}, "target": 3}