{"edges": [[0, 1], [2, 1], [3, 4], [5, 4], [6, 4], [2, 4], [4, 3], [7, 3], [8, 3], [6, 3], [9, 3], [3, 7], [5, 7], [6, 7], [10, 7], [11, 7], [12, 7], [13, 7], [14, 15], [16, 15], [15, 14], [17, 14], [18, 14], [19, 14], [14, 17], [18, 17], [19, 17], [14, 18], [17, 18], [19, 18], [20, 18], [21, 18], [22, 18], [23, 24], [0, 24], [24, 23], [5, 23], [25, 23], [26, 23], [6, 23], [4, 5], [7, 5], [23, 5], [8, 5], [6, 5], [10, 5], [3, 8], [5, 8], [6, 8], [9, 8], [27, 8], [23, 25], [26, 25], [6, 25], [28, 25], [23, 26], [25, 26], [6, 26], [4, 6], [3, 6], [7, 6], [23, 6], [5, 6], [8, 6], [25, 6], [26, 6], [22, 6], [3, 9], [8, 9], [29, 9], [22, 9], [9, 29], [12, 29], [30, 29], [15, 16], [31, 16], [28, 16], [32, 16], [33, 16], [16, 31], [19, 31], [32, 31], [33, 31], [14, 19], [17, 19], [18, 19], [31, 19], [34, 19], [18, 20], [35, 20], [13, 20], [34, 20], [20, 35], [36, 35], [37, 35], [38, 35], [1, 0], [24, 0], [2, 0], [33, 0], [1, 2], [4, 2], [0, 2], [10, 2], [7, 10], [5, 10], [2, 10], [11, 10], [39, 10], [7, 11], [10, 11], [12, 11], [39, 11], [7, 12], [29, 12], [11, 12], [40, 12], [41, 42], [42, 41], [36, 41], [43, 41], [44, 41], [30, 41], [38, 41], [40, 41], [35, 36], [41, 36], [13, 36], [30, 36], [7, 13], [20, 13], [36, 13], [27, 13], [22, 13], [34, 13], [39, 13], [41, 43], [45, 43], [43, 45], [37, 45], [30, 45], [35, 37], [45, 37], [21, 37], [30, 37], [18, 21], [37, 21], [27, 21], [22, 21], [41, 44], [46, 44], [44, 46], [47, 46], [30, 46], [46, 47], [27, 47], [30, 47], [8, 27], [13, 27], [21, 27], [47, 27], [22, 27], [25, 28], [16, 28], [18, 22], [6, 22], [9, 22], [13, 22], [21, 22], [27, 22], [29, 30], [41, 30], [36, 30], [45, 30], [37, 30], [46, 30], [47, 30], [38, 30], [40, 30], [16, 32], [31, 32], [19, 34], [20, 34], [13, 34], [35, 38], [41, 38], [30, 38], [40, 38], [16, 33], [31, 33], [0, 33], [10, 39], [11, 39], [13, 39], [12, 40], [41, 40], [30, 40], [38, 40]], "labels": {"0": "1", "1": "1", "2": "1", "3": "1", "4": "1", "5": "1", "6": "1", "7": "1", "8": "1", "9": "1", "10": "1", "11": "1", "12": "1", "13": "2", "14": "1", "15": "1", "16": "1", "17": "1", "18": "1", "19": "1", "20": "1", "21": "2", "22": "2", "23": "1", "24": "1", "25": "1", "26": "1", "27": "2", "28": "2", "29": "1", "30": "2", "31": "1", "32": "2", "33": "2", "34": "2", "35": "1", "36": "2", "37": "2", "38": "2", "39": "2", "40": "2", "41": "2", "42": "2", "43": "2", "44": "2", "45": "2", "46": "2", "47": "2"}, "target": 3}