{"edges": [[0, 1], [2, 1], [3, 4], [5, 4], [6, 4], [7, 4], [2, 4], [4, 3], [5, 3], [8, 3], [7, 3], [9, 3], [4, 5], [3, 5], [6, 5], [7, 5], [10, 5], [11, 5], [12, 13], [14, 13], [13, 12], [15, 12], [14, 12], [16, 12], [12, 15], [16, 15], [17, 15], [18, 15], [19, 15], [20, 21], [0, 21], [21, 20], [6, 20], [8, 20], [22, 20], [23, 20], [7, 20], [24, 20], [4, 6], [5, 6], [20, 6], [8, 6], [7, 6], [24, 6], [3, 8], [20, 8], [6, 8], [7, 8], [9, 8], [25, 8], [26, 8], [20, 22], [23, 22], [7, 22], [27, 22], [20, 23], [22, 23], [7, 23], [4, 7], [3, 7], [5, 7], [20, 7], [6, 7], [8, 7], [22, 7], [23, 7], [18, 7], [3, 9], [8, 9], [25, 9], [18, 9], [8, 25], [9, 25], [28, 25], [29, 25], [13, 14], [12, 14], [16, 14], [27, 14], [30, 14], [31, 14], [12, 16], [15, 16], [14, 16], [19, 16], [28, 32], [33, 32], [34, 32], [35, 32], [19, 32], [36, 32], [1, 0], [21, 0], [2, 0], [31, 0], [1, 2], [4, 2], [0, 2], [24, 2], [20, 24], [6, 24], [2, 24], [10, 24], [37, 24], [5, 10], [24, 10], [28, 10], [37, 10], [25, 28], [32, 28], [10, 28], [38, 28], [39, 40], [41, 40], [42, 40], [40, 39], [43, 39], [39, 43], [33, 43], [41, 43], [42, 43], [29, 43], [36, 43], [38, 43], [32, 33], [43, 33], [11, 33], [29, 33], [5, 11], [33, 11], [26, 11], [18, 11], [19, 11], [37, 11], [40, 41], [43, 41], [44, 41], [41, 44], [34, 44], [29, 44], [32, 34], [44, 34], [17, 34], [29, 34], [15, 17], [34, 17], [26, 17], [18, 17], [40, 42], [43, 42], [45, 42], [42, 45], [35, 45], [29, 45], [32, 35], [45, 35], [26, 35], [29, 35], [8, 26], [11, 26], [17, 26], [35, 26], [18, 26], [22, 27], [14, 27], [15, 18], [7, 18], [9, 18], [11, 18], [17, 18], [26, 18], [25, 29], [43, 29], [33, 29], [44, 29], [34, 29], [45, 29], [35, 29], [36, 29], [38, 29], [14, 30], [15, 19], [16, 19], [32, 19], [11, 19], [32, 36], [43, 36], [29, 36], [38, 36], [14, 31], [0, 31], [24, 37], [10, 37], [11, 37], [28, 38], [43, 38], [29, 38], [36, 38]], "labels": {"0": "1", "1": "1", "2": "1", "3": "1", "4": "1", "5": "1", "6": "1", "7": "1", "8": "1", "9": "1", "10": "1", "11": "2", "12": "1", "13": "1", "14": "1", "15": "1", "16": "1", "17": "2", "18": "2", "19": "2", "20": "1", "21": "1", "22": "1", "23": "1", "24": "1", "25": "1", "26": "2", "27": "2", "28": "1", "29": "2", "30": "2", "31": "2", "32": "1", "33": "2", "34": "2", "35": "2", "36": "2", "37": "2", "38": "2", "39": "2", "40": "2", "41": "2", "42": "2", "43": "2", "44": "2", "45": "2"}, "target": 3}