{"edges": [[0, 1], [2, 1], [1, 0], [3, 0], [4, 0], [5, 0], [0, 3], [4, 3], [2, 3], [0, 4], [3, 4], [2, 4], [6, 4], [7, 4], [8, 4], [9, 10], [11, 10], [2, 10], [10, 9], [11, 9], [12, 9], [10, 11], [9, 11], [12, 11], [7, 11], [9, 12], [11, 12], [7, 12], [13, 12], [0, 5], [2, 5], [6, 5], [1, 2], [3, 2], [4, 2], [10, 2], [5, 2], [6, 2], [7, 2], [4, 6], [5, 6], [2, 6], [7, 6], [4, 7], [11, 7], [12, 7], [2, 7], [6, 7], [14, 7], [15, 16], [17, 16], [16, 15], [18, 15], [19, 15], [20, 15], [21, 15], [15, 18], [22, 18], [17, 18], [23, 18], [24, 18], [25, 18], [18, 22], [8, 22], [13, 22], [14, 22], [4, 8], [22, 8], [13, 8], [14, 8], [15, 19], [17, 19], [16, 17], [18, 17], [19, 17], [20, 17], [15, 20], [17, 20], [23, 20], [18, 23], [20, 23], [13, 23], [12, 13], [22, 13], [8, 13], [23, 13], [14, 13], [18, 24], [21, 24], [15, 21], [24, 21], [25, 21], [18, 25], [21, 25], [14, 25], [7, 14], [22, 14], [8, 14], [13, 14], [25, 14]], "labels": {"0": "1", "1": "1", "2": "1", "3": "1", "4": "1", "5": "1", "6": "1", "7": "1", "8": "2", "9": "1", "10": "1", "11": "1", "12": "1", "13": "2", "14": "2", "15": "2", "16": "2", "17": "2", "18": "2", "19": "2", "20": "2", "21": "2", "22": "2", "23": "2", "24": "2", "25": "2"}, "target": 3}