{"edges": [[0, 1], [2, 1], [3, 1], [1, 0], [2, 0], [4, 0], [5, 0], [1, 2], [0, 2], [4, 2], [3, 2], [0, 4], [2, 4], [6, 4], [3, 4], [7, 4], [8, 4], [9, 4], [10, 11], [6, 11], [3, 11], [11, 10], [6, 10], [12, 10], [4, 6], [11, 6], [10, 6], [12, 6], [10, 12], [6, 12], [8, 12], [13, 12], [0, 5], [3, 5], [7, 5], [1, 3], [2, 3], [4, 3], [11, 3], [5, 3], [7, 3], [8, 3], [4, 7], [5, 7], [3, 7], [8, 7], [4, 8], [12, 8], [3, 8], [7, 8], [14, 8], [4, 9], [15, 9], [16, 9], [13, 9], [17, 9], [14, 9], [9, 15], [18, 15], [19, 15], [20, 15], [16, 15], [21, 15], [22, 15], [17, 15], [15, 18], [23, 18], [24, 18], [19, 18], [20, 18], [25, 18], [21, 18], [22, 18], [18, 23], [24, 23], [25, 23], [18, 24], [23, 24], [19, 24], [15, 19], [18, 19], [24, 19], [20, 19], [15, 20], [18, 20], [19, 20], [16, 20], [9, 16], [15, 16], [20, 16], [13, 16], [14, 16], [12, 13], [9, 13], [16, 13], [14, 13], [18, 25], [23, 25], [21, 25], [15, 21], [18, 21], [25, 21], [22, 21], [15, 22], [18, 22], [21, 22], [17, 22], [9, 17], [15, 17], [22, 17], [14, 17], [8, 14], [9, 14], [16, 14], [13, 14], [17, 14]], "labels": {"0": "1", "1": "1", "2": "1", "3": "1", "4": "1", "5": "1", "6": "1", "7": "1", "8": "1", "9": "2", "10": "1", "11": "1", "12": "1", "13": "2", "14": "2", "15": "2", "16": "2", "17": "2", "18": "2", "19": "2", "20": "2", "21": "2", "22": "2", "23": "2", "24": "2", "25": "2"}, "target": 3}