{"edges": [[0, 1], [2, 1], [3, 1], [1, 0], [4, 0], [3, 0], [5, 0], [0, 4], [3, 4], [5, 4], [6, 4], [2, 7], [8, 7], [1, 2], [7, 2], [9, 2], [8, 2], [10, 2], [2, 9], [8, 9], [10, 9], [5, 11], [12, 11], [13, 11], [14, 15], [13, 15], [15, 14], [16, 14], [17, 14], [18, 14], [19, 14], [14, 16], [20, 16], [21, 16], [22, 16], [19, 16], [16, 20], [18, 20], [22, 20], [12, 23], [13, 23], [10, 23], [6, 23], [14, 17], [21, 17], [13, 17], [24, 17], [16, 21], [17, 21], [18, 21], [25, 21], [14, 18], [20, 18], [21, 18], [22, 18], [19, 18], [25, 18], [16, 22], [20, 22], [18, 22], [1, 3], [0, 3], [4, 3], [0, 5], [4, 5], [11, 5], [6, 5], [24, 5], [11, 12], [23, 12], [13, 12], [11, 13], [15, 13], [23, 13], [17, 13], [12, 13], [14, 19], [16, 19], [18, 19], [25, 19], [7, 8], [2, 8], [9, 8], [10, 8], [2, 10], [9, 10], [23, 10], [8, 10], [4, 6], [23, 6], [5, 6], [24, 6], [25, 6], [17, 24], [5, 24], [6, 24], [25, 24], [21, 25], [18, 25], [19, 25], [6, 25], [24, 25]], "labels": {"0": "1", "1": "1", "2": "1", "3": "3", "4": "1", "5": "3", "6": "3", "7": "1", "8": "3", "9": "1", "10": "3", "11": "2", "12": "3", "13": "3", "14": "2", "15": "2", "16": "2", "17": "2", "18": "2", "19": "3", "20": "2", "21": "2", "22": "2", "23": "2", "24": "3", "25": "3"}, "target": 3}