{"edges": [[0, 1], [2, 1], [3, 1], [1, 0], [2, 0], [3, 0], [2, 4], [3, 4], [1, 2], [0, 2], [4, 2], [3, 2], [5, 2], [6, 7], [8, 7], [9, 7], [5, 7], [10, 7], [7, 6], [11, 6], [12, 6], [13, 6], [9, 6], [14, 6], [6, 11], [15, 11], [13, 11], [14, 11], [16, 11], [17, 11], [18, 11], [6, 12], [5, 12], [10, 12], [19, 12], [11, 15], [13, 15], [19, 15], [17, 15], [6, 13], [11, 13], [15, 13], [17, 13], [18, 13], [1, 3], [0, 3], [4, 3], [2, 3], [8, 3], [19, 3], [7, 8], [3, 8], [9, 8], [14, 8], [19, 8], [7, 9], [6, 9], [8, 9], [16, 9], [6, 14], [11, 14], [8, 14], [16, 14], [19, 14], [11, 16], [9, 16], [14, 16], [19, 16], [2, 5], [7, 5], [12, 5], [10, 5], [7, 10], [12, 10], [5, 10], [12, 19], [15, 19], [3, 19], [8, 19], [14, 19], [16, 19], [18, 19], [11, 17], [15, 17], [13, 17], [18, 17], [11, 18], [13, 18], [19, 18], [17, 18]], "labels": {"0": "1", "1": "1", "2": "1", "3": "3", "4": "1", "5": "3", "6": "2", "7": "2", "8": "3", "9": "3", "10": "3", "11": "2", "12": "2", "13": "2", "14": "3", "15": "2", "16": "3", "17": "3", "18": "3", "19": "3"}, "target": 3}