{"edges": [[0, 1], [2, 1], [3, 1], [1, 0], [4, 0], [5, 0], [2, 0], [0, 4], [6, 4], [7, 4], [8, 4], [2, 4], [9, 4], [3, 4], [10, 4], [4, 6], [9, 6], [10, 6], [7, 11], [2, 11], [3, 11], [4, 7], [11, 7], [5, 7], [8, 7], [2, 7], [3, 7], [0, 5], [7, 5], [8, 5], [4, 8], [7, 8], [5, 8], [10, 8], [1, 2], [0, 2], [4, 2], [11, 2], [7, 2], [4, 9], [6, 9], [12, 9], [9, 12], [13, 12], [14, 12], [12, 13], [15, 13], [16, 13], [17, 13], [13, 15], [18, 15], [14, 15], [19, 15], [15, 18], [17, 18], [19, 18], [1, 3], [4, 3], [11, 3], [7, 3], [4, 10], [6, 10], [8, 10], [16, 10], [13, 16], [10, 16], [14, 16], [12, 14], [15, 14], [16, 14], [17, 14], [13, 17], [18, 17], [14, 17], [19, 17], [15, 19], [18, 19], [17, 19]], "labels": {"0": "1", "1": "1", "2": "2", "3": "2", "4": "1", "5": "1", "6": "1", "7": "1", "8": "1", "9": "2", "10": "2", "11": "1", "12": "2", "13": "2", "14": "2", "15": "2", "16": "2", "17": "2", "18": "2", "19": "2"}, "target": 3}