{"edges": [[0, 1], [2, 1], [3, 1], [4, 1], [0, 5], [2, 5], [3, 5], [4, 5], [6, 5], [7, 5], [1, 0], [5, 0], [2, 0], [7, 0], [8, 0], [9, 10], [11, 10], [12, 10], [13, 10], [1, 2], [5, 2], [0, 2], [14, 2], [15, 2], [3, 16], [1, 3], [5, 3], [16, 3], [17, 3], [3, 17], [18, 17], [17, 18], [19, 18], [18, 19], [20, 19], [19, 20], [9, 20], [10, 9], [20, 9], [21, 9], [4, 22], [1, 4], [5, 4], [22, 4], [5, 6], [23, 6], [6, 23], [24, 23], [23, 24], [25, 24], [24, 25], [11, 25], [10, 11], [25, 11], [21, 11], [7, 26], [5, 7], [0, 7], [26, 7], [0, 8], [27, 8], [8, 27], [28, 27], [27, 28], [12, 28], [10, 12], [28, 12], [10, 13], [21, 13], [14, 29], [2, 14], [29, 14], [2, 15], [30, 15], [15, 30], [31, 30], [30, 31], [32, 31], [31, 32], [21, 32], [9, 21], [11, 21], [13, 21], [32, 21]], "labels": {"0": "1", "1": "1", "2": "1", "3": "2", "4": "2", "5": "1", "6": "2", "7": "2", "8": "2", "9": "2", "10": "1", "11": "2", "12": "2", "13": "2", "14": "2", "15": "2", "16": "2", "17": "2", "18": "2", "19": "2", "20": "2", "21": "2", "22": "2", "23": "2", "24": "2", "25": "2", "26": "2", "27": "2", "28": "2", "29": "2", "30": "2", "31": "2", "32": "2"}, "target": 3}