{"edges": [[0, 1], [2, 1], [3, 1], [1, 0], [4, 0], [2, 0], [3, 0], [5, 6], [7, 6], [8, 6], [9, 6], [6, 5], [8, 5], [9, 5], [10, 11], [4, 11], [7, 11], [3, 11], [12, 11], [13, 11], [11, 10], [14, 10], [15, 10], [16, 10], [17, 10], [18, 10], [10, 14], [19, 14], [20, 14], [21, 14], [17, 14], [22, 14], [23, 14], [14, 19], [24, 19], [25, 19], [26, 19], [22, 19], [23, 19], [19, 24], [21, 24], [0, 4], [11, 4], [15, 4], [7, 4], [10, 15], [4, 15], [7, 15], [9, 15], [13, 15], [14, 20], [18, 20], [27, 20], [19, 25], [21, 25], [27, 25], [23, 25], [14, 21], [24, 21], [25, 21], [26, 21], [23, 21], [19, 26], [21, 26], [6, 7], [11, 7], [4, 7], [15, 7], [1, 2], [0, 2], [3, 2], [12, 2], [1, 3], [0, 3], [11, 3], [2, 3], [12, 3], [17, 3], [11, 12], [2, 12], [3, 12], [16, 12], [8, 12], [9, 12], [27, 12], [10, 16], [12, 16], [17, 16], [22, 16], [8, 16], [27, 16], [10, 17], [14, 17], [3, 17], [16, 17], [22, 17], [14, 22], [19, 22], [16, 22], [17, 22], [27, 22], [6, 8], [5, 8], [12, 8], [16, 8], [9, 8], [13, 8], [6, 9], [5, 9], [15, 9], [12, 9], [8, 9], [13, 9], [11, 13], [15, 13], [8, 13], [9, 13], [18, 13], [10, 18], [20, 18], [13, 18], [20, 27], [25, 27], [12, 27], [16, 27], [22, 27], [14, 23], [19, 23], [25, 23], [21, 23]], "labels": {"0": "1", "1": "1", "2": "3", "3": "3", "4": "2", "5": "1", "6": "1", "7": "2", "8": "3", "9": "3", "10": "2", "11": "2", "12": "3", "13": "3", "14": "2", "15": "2", "16": "3", "17": "3", "18": "3", "19": "2", "20": "2", "21": "2", "22": "3", "23": "3", "24": "2", "25": "2", "26": "2", "27": "3"}, "target": 3}