{"edges": [[0, 1], [2, 1], [3, 1], [4, 5], [2, 5], [6, 5], [7, 5], [8, 9], [2, 9], [6, 9], [10, 9], [3, 9], [11, 12], [13, 12], [14, 12], [5, 4], [15, 4], [8, 4], [2, 4], [7, 4], [15, 16], [0, 16], [6, 16], [15, 17], [11, 17], [10, 17], [4, 15], [16, 15], [17, 15], [18, 15], [13, 15], [19, 20], [21, 20], [22, 20], [23, 20], [24, 20], [19, 25], [21, 25], [24, 25], [19, 26], [21, 26], [27, 26], [20, 19], [25, 19], [26, 19], [28, 19], [9, 8], [4, 8], [6, 8], [10, 8], [1, 0], [16, 0], [2, 0], [6, 0], [12, 11], [17, 11], [18, 11], [10, 11], [13, 11], [15, 18], [11, 18], [13, 18], [1, 2], [5, 2], [9, 2], [4, 2], [0, 2], [29, 2], [5, 6], [9, 6], [16, 6], [8, 6], [0, 6], [9, 10], [17, 10], [8, 10], [11, 10], [13, 10], [12, 13], [15, 13], [11, 13], [18, 13], [10, 13], [2, 29], [30, 29], [31, 29], [5, 7], [4, 7], [32, 7], [1, 3], [9, 3], [30, 3], [31, 3], [12, 14], [33, 14], [34, 14], [35, 14], [29, 30], [3, 30], [36, 30], [34, 30], [7, 32], [37, 32], [38, 32], [29, 31], [3, 31], [34, 31], [14, 33], [35, 33], [39, 33], [30, 36], [40, 36], [41, 36], [32, 37], [38, 37], [42, 37], [14, 34], [30, 34], [31, 34], [41, 34], [14, 35], [33, 35], [39, 35], [36, 40], [43, 40], [44, 40], [32, 38], [37, 38], [43, 38], [42, 38], [36, 41], [34, 41], [39, 41], [44, 41], [45, 41], [33, 39], [35, 39], [41, 39], [45, 39], [40, 43], [38, 43], [46, 43], [37, 42], [38, 42], [21, 42], [40, 44], [41, 44], [45, 44], [47, 44], [41, 45], [39, 45], [44, 45], [48, 45], [43, 46], [49, 46], [22, 46], [20, 21], [25, 21], [26, 21], [42, 21], [22, 21], [44, 47], [49, 47], [50, 47], [23, 47], [45, 48], [51, 48], [27, 48], [28, 48], [46, 49], [47, 49], [23, 49], [20, 22], [46, 22], [21, 22], [24, 22], [47, 50], [51, 50], [23, 50], [27, 50], [28, 50], [48, 51], [50, 51], [28, 51], [20, 23], [47, 23], [49, 23], [50, 23], [20, 24], [25, 24], [22, 24], [26, 27], [48, 27], [50, 27], [19, 28], [48, 28], [50, 28], [51, 28]], "labels": {"0": "3", "1": "1", "2": "3", "3": "3", "4": "2", "5": "1", "6": "3", "7": "3", "8": "3", "9": "1", "10": "3", "11": "3", "12": "1", "13": "3", "14": "3", "15": "2", "16": "2", "17": "2", "18": "3", "19": "2", "20": "2", "21": "3", "22": "3", "23": "3", "24": "3", "25": "2", "26": "2", "27": "3", "28": "3", "29": "3", "30": "3", "31": "3", "32": "3", "33": "3", "34": "3", "35": "3", "36": "3", "37": "3", "38": "3", "39": "3", "40": "3", "41": "3", "42": "3", "43": "3", "44": "3", "45": "3", "46": "3", "47": "3", "48": "3", "49": "3", "50": "3", "51": "3"}, "target": 3}