{"edges": [[0, 1], [2, 1], [1, 0], [3, 0], [4, 0], [5, 0], [0, 3], [4, 3], [2, 3], [5, 3], [6, 3], [0, 4], [3, 4], [2, 4], [1, 2], [3, 2], [4, 2], [7, 2], [5, 8], [6, 8], [7, 8], [9, 8], [0, 5], [3, 5], [8, 5], [6, 5], [9, 5], [10, 11], [12, 11], [13, 11], [11, 10], [14, 10], [15, 10], [3, 6], [8, 6], [5, 6], [12, 6], [7, 6], [13, 6], [11, 12], [6, 12], [16, 12], [9, 12], [10, 14], [17, 14], [18, 14], [19, 14], [14, 17], [15, 17], [19, 17], [2, 7], [8, 7], [6, 7], [9, 7], [12, 16], [18, 16], [13, 16], [14, 18], [16, 18], [15, 18], [8, 9], [5, 9], [12, 9], [7, 9], [13, 9], [11, 13], [6, 13], [16, 13], [9, 13], [10, 15], [17, 15], [18, 15], [19, 15], [14, 19], [17, 19], [15, 19]], "labels": {"0": "1", "1": "1", "2": "1", "3": "1", "4": "1", "5": "2", "6": "2", "7": "2", "8": "1", "9": "2", "10": "2", "11": "2", "12": "2", "13": "2", "14": "2", "15": "2", "16": "2", "17": "2", "18": "2", "19": "2"}, "target": 3}