{"edges": [[0, 1], [2, 1], [3, 1], [1, 0], [2, 0], [3, 0], [2, 4], [3, 4], [5, 4], [1, 2], [0, 2], [4, 2], [3, 2], [6, 7], [8, 7], [9, 7], [6, 10], [11, 10], [12, 10], [13, 10], [1, 3], [0, 3], [4, 3], [2, 3], [7, 6], [10, 6], [11, 6], [10, 11], [6, 11], [12, 11], [4, 5], [8, 5], [14, 5], [9, 5], [7, 8], [5, 8], [14, 8], [9, 8], [10, 12], [11, 12], [15, 12], [13, 12], [16, 12], [12, 15], [13, 15], [16, 15], [5, 14], [8, 14], [9, 14], [7, 9], [5, 9], [8, 9], [14, 9], [10, 13], [12, 13], [15, 13], [16, 13], [12, 16], [15, 16], [13, 16]], "labels": {"0": "1", "1": "1", "2": "2", "3": "2", "4": "1", "5": "2", "6": "2", "7": "2", "8": "2", "9": "2", "10": "2", "11": "2", "12": "2", "13": "2", "14": "2", "15": "2", "16": "2"}, "target": 3}