{"edges": [[0, 1], [2, 1], [3, 1], [1, 0], [2, 0], [4, 0], [3, 0], [1, 2], [0, 2], [4, 2], [3, 2], [0, 4], [2, 4], [5, 4], [6, 7], [8, 7], [9, 7], [7, 6], [8, 6], [9, 6], [10, 6], [7, 8], [6, 8], [9, 8], [10, 8], [7, 9], [6, 9], [8, 9], [11, 9], [12, 13], [14, 13], [15, 13], [13, 12], [14, 12], [15, 12], [13, 14], [12, 14], [16, 14], [17, 14], [15, 14], [14, 16], [18, 16], [17, 16], [19, 20], [21, 20], [22, 20], [20, 19], [21, 19], [23, 19], [22, 19], [20, 21], [19, 21], [23, 21], [22, 21], [19, 23], [21, 23], [24, 23], [25, 23], [1, 3], [0, 3], [2, 3], [5, 3], [26, 3], [27, 3], [28, 29], [26, 29], [30, 29], [31, 29], [32, 29], [29, 28], [30, 28], [32, 28], [4, 5], [3, 5], [26, 5], [27, 5], [31, 5], [3, 26], [29, 26], [5, 26], [27, 26], [31, 26], [29, 30], [28, 30], [32, 30], [33, 34], [35, 34], [36, 34], [34, 33], [11, 33], [35, 33], [36, 33], [10, 33], [9, 11], [33, 11], [36, 11], [10, 11], [3, 27], [5, 27], [26, 27], [31, 27], [29, 31], [5, 31], [26, 31], [27, 31], [29, 32], [28, 32], [30, 32], [34, 35], [33, 35], [36, 35], [34, 36], [33, 36], [11, 36], [35, 36], [10, 36], [6, 10], [8, 10], [33, 10], [11, 10], [36, 10], [23, 24], [37, 24], [25, 24], [38, 24], [22, 24], [39, 24], [24, 37], [25, 37], [38, 37], [22, 37], [39, 37], [40, 41], [39, 41], [42, 41], [18, 43], [44, 43], [45, 43], [16, 18], [43, 18], [17, 18], [44, 18], [45, 18], [14, 17], [16, 17], [18, 17], [45, 17], [15, 17], [23, 25], [24, 25], [37, 25], [38, 25], [22, 25], [24, 38], [37, 38], [25, 38], [39, 38], [41, 40], [39, 40], [42, 40], [43, 44], [18, 44], [45, 44], [43, 45], [18, 45], [17, 45], [44, 45], [13, 15], [12, 15], [14, 15], [17, 15], [20, 22], [19, 22], [21, 22], [24, 22], [37, 22], [25, 22], [24, 39], [37, 39], [41, 39], [38, 39], [40, 39], [42, 39], [41, 42], [40, 42], [39, 42]], "labels": {"0": "1", "1": "1", "2": "1", "3": "2", "4": "1", "5": "2", "6": "1", "7": "1", "8": "1", "9": "1", "10": "2", "11": "2", "12": "1", "13": "1", "14": "1", "15": "2", "16": "1", "17": "2", "18": "2", "19": "1", "20": "1", "21": "1", "22": "2", "23": "1", "24": "2", "25": "2", "26": "2", "27": "2", "28": "2", "29": "2", "30": "2", "31": "2", "32": "2", "33": "2", "34": "2", "35": "2", "36": "2", "37": "2", "38": "2", "39": "2", "40": "2", "41": "2", "42": "2", "43": "2", "44": "2", "45": "2"}, "target": 3}