{"edges": [[0, 1], [2, 1], [3, 1], [1, 0], [2, 0], [3, 0], [2, 4], [5, 4], [3, 4], [6, 7], [8, 7], [9, 7], [10, 7], [11, 7], [1, 2], [0, 2], [4, 2], [5, 2], [3, 2], [7, 6], [8, 6], [12, 6], [5, 6], [9, 6], [10, 6], [7, 8], [6, 8], [10, 8], [11, 8], [6, 12], [5, 12], [9, 12], [4, 5], [2, 5], [6, 5], [12, 5], [3, 5], [1, 3], [0, 3], [4, 3], [2, 3], [5, 3], [7, 9], [6, 9], [12, 9], [7, 10], [6, 10], [8, 10], [11, 10], [7, 11], [8, 11], [10, 11]], "labels": {"0": "1", "1": "1", "2": "2", "3": "2", "4": "1", "5": "2", "6": "2", "7": "1", "8": "2", "9": "2", "10": "2", "11": "2", "12": "2"}, "target": 3}