{"edges": [[0, 1], [2, 1], [1, 0], [3, 0], [2, 0], [4, 0], [5, 6], [2, 6], [7, 6], [4, 6], [0, 3], [8, 3], [5, 3], [3, 8], [5, 8], [4, 8], [6, 5], [3, 5], [8, 5], [4, 5], [9, 5], [1, 2], [0, 2], [6, 2], [7, 2], [9, 2], [10, 11], [12, 11], [13, 11], [11, 10], [14, 10], [15, 10], [6, 7], [2, 7], [12, 7], [4, 7], [13, 7], [11, 12], [7, 12], [16, 12], [9, 12], [10, 14], [17, 14], [18, 14], [19, 14], [14, 17], [15, 17], [19, 17], [0, 4], [6, 4], [8, 4], [5, 4], [7, 4], [9, 4], [12, 16], [18, 16], [13, 16], [14, 18], [16, 18], [15, 18], [5, 9], [2, 9], [12, 9], [4, 9], [13, 9], [11, 13], [7, 13], [16, 13], [9, 13], [10, 15], [17, 15], [18, 15], [19, 15], [14, 19], [17, 19], [15, 19]], "labels": {"0": "1", "1": "1", "2": "2", "3": "1", "4": "2", "5": "1", "6": "1", "7": "2", "8": "1", "9": "2", "10": "2", "11": "2", "12": "2", "13": "2", "14": "2", "15": "2", "16": "2", "17": "2", "18": "2", "19": "2"}, "target": 3}