{"edges": [[0, 1], [2, 1], [3, 1], [1, 0], [4, 0], [2, 0], [3, 0], [0, 4], [5, 4], [6, 4], [7, 8], [9, 8], [10, 8], [8, 7], [11, 7], [12, 7], [13, 14], [2, 14], [3, 14], [14, 13], [15, 13], [16, 13], [3, 13], [13, 15], [16, 15], [5, 15], [6, 15], [13, 16], [15, 16], [17, 16], [10, 16], [16, 17], [11, 17], [12, 17], [1, 2], [0, 2], [14, 2], [8, 9], [18, 9], [19, 9], [20, 21], [11, 21], [12, 21], [21, 20], [22, 20], [23, 20], [4, 5], [15, 5], [18, 5], [19, 5], [9, 18], [5, 18], [10, 18], [6, 18], [7, 11], [17, 11], [21, 11], [24, 11], [20, 22], [25, 22], [26, 22], [27, 22], [22, 25], [23, 25], [27, 25], [1, 3], [0, 3], [14, 3], [13, 3], [8, 10], [16, 10], [18, 10], [19, 10], [11, 24], [26, 24], [12, 24], [22, 26], [24, 26], [23, 26], [4, 6], [15, 6], [18, 6], [19, 6], [9, 19], [5, 19], [10, 19], [6, 19], [7, 12], [17, 12], [21, 12], [24, 12], [20, 23], [25, 23], [26, 23], [27, 23], [22, 27], [25, 27], [23, 27]], "labels": {"0": "1", "1": "1", "2": "2", "3": "2", "4": "1", "5": "2", "6": "2", "7": "1", "8": "1", "9": "2", "10": "2", "11": "2", "12": "2", "13": "1", "14": "1", "15": "1", "16": "1", "17": "1", "18": "2", "19": "2", "20": "2", "21": "2", "22": "2", "23": "2", "24": "2", "25": "2", "26": "2", "27": "2"}, "target": 3}