{"edges": [[0, 1], [2, 1], [3, 1], [1, 0], [2, 0], [3, 0], [1, 2], [0, 2], [4, 2], [3, 2], [2, 4], [5, 4], [3, 4], [6, 7], [8, 7], [9, 7], [5, 7], [7, 6], [10, 6], [8, 6], [9, 6], [6, 10], [8, 10], [11, 10], [12, 13], [11, 13], [14, 13], [15, 13], [13, 12], [16, 12], [14, 12], [15, 12], [12, 16], [15, 16], [17, 16], [18, 19], [20, 19], [21, 19], [19, 18], [22, 18], [23, 18], [24, 25], [22, 25], [23, 25], [26, 25], [25, 24], [26, 24], [27, 24], [28, 29], [30, 29], [27, 29], [29, 28], [30, 28], [27, 28], [7, 8], [6, 8], [10, 8], [9, 8], [5, 8], [7, 9], [6, 9], [8, 9], [5, 9], [4, 5], [7, 5], [8, 5], [9, 5], [10, 11], [13, 11], [14, 11], [1, 3], [0, 3], [2, 3], [4, 3], [13, 14], [12, 14], [11, 14], [13, 15], [12, 15], [16, 15], [17, 15], [16, 17], [15, 17], [31, 17], [20, 17], [17, 31], [20, 31], [21, 31], [19, 20], [17, 20], [31, 20], [21, 20], [19, 21], [31, 21], [20, 21], [18, 22], [25, 22], [23, 22], [18, 23], [25, 23], [22, 23], [26, 23], [29, 30], [28, 30], [27, 30], [25, 26], [24, 26], [23, 26], [27, 26], [24, 27], [29, 27], [28, 27], [30, 27], [26, 27]], "labels": {"0": "1", "1": "1", "2": "1", "3": "2", "4": "1", "5": "2", "6": "1", "7": "1", "8": "2", "9": "2", "10": "1", "11": "2", "12": "1", "13": "1", "14": "2", "15": "2", "16": "1", "17": "2", "18": "1", "19": "1", "20": "2", "21": "2", "22": "2", "23": "2", "24": "1", "25": "1", "26": "2", "27": "2", "28": "1", "29": "1", "30": "2", "31": "2"}, "target": 6}