{"edges": [[0, 1], [2, 1], [1, 0], [3, 0], [4, 0], [5, 6], [7, 6], [8, 6], [4, 6], [6, 5], [7, 5], [8, 5], [9, 5], [0, 3], [2, 3], [1, 2], [3, 2], [4, 2], [10, 2], [6, 7], [5, 7], [8, 7], [10, 7], [6, 8], [5, 8], [7, 8], [11, 8], [12, 13], [14, 15], [16, 15], [17, 15], [9, 18], [16, 18], [11, 18], [19, 18], [5, 9], [18, 9], [20, 9], [10, 9], [13, 12], [14, 12], [15, 14], [12, 14], [21, 14], [15, 16], [18, 16], [20, 16], [0, 4], [6, 4], [2, 4], [10, 4], [22, 23], [14, 21], [17, 21], [19, 21], [9, 20], [16, 20], [11, 20], [19, 20], [8, 11], [18, 11], [20, 11], [10, 11], [23, 22], [17, 22], [15, 17], [21, 17], [22, 17], [18, 19], [21, 19], [20, 19], [2, 10], [7, 10], [9, 10], [4, 10], [11, 10]], "labels": {"0": "1", "1": "1", "2": "1", "3": "1", "4": "2", "5": "1", "6": "1", "7": "1", "8": "1", "9": "2", "10": "2", "11": "2", "12": "2", "13": "2", "14": "2", "15": "2", "16": "2", "17": "2", "18": "2", "19": "2", "20": "2", "21": "2", "22": "2", "23": "2"}, "target": 3}