{"edges": [[0, 1], [2, 1], [3, 1], [1, 0], [4, 0], [5, 0], [3, 0], [6, 7], [8, 7], [9, 7], [10, 7], [11, 7], [7, 6], [8, 6], [12, 6], [13, 6], [11, 6], [14, 6], [7, 8], [6, 8], [9, 8], [13, 8], [0, 4], [2, 4], [3, 4], [15, 4], [1, 2], [4, 2], [3, 2], [16, 2], [6, 12], [9, 12], [13, 12], [17, 12], [14, 12], [7, 9], [8, 9], [12, 9], [13, 9], [11, 9], [14, 9], [6, 13], [8, 13], [12, 13], [9, 13], [18, 19], [20, 19], [21, 19], [22, 19], [19, 18], [5, 18], [23, 18], [15, 18], [0, 5], [18, 5], [21, 5], [1, 3], [0, 3], [4, 3], [2, 3], [24, 3], [25, 3], [3, 24], [10, 24], [16, 24], [17, 24], [7, 10], [24, 10], [25, 10], [19, 20], [23, 20], [7, 11], [6, 11], [9, 11], [14, 11], [18, 23], [20, 23], [21, 23], [22, 23], [19, 21], [5, 21], [23, 21], [15, 21], [4, 15], [18, 15], [21, 15], [2, 16], [24, 16], [25, 16], [3, 25], [10, 25], [16, 25], [17, 25], [12, 17], [24, 17], [25, 17], [19, 22], [23, 22], [6, 14], [12, 14], [9, 14], [11, 14]], "labels": {"0": "1", "1": "1", "2": "1", "3": "2", "4": "1", "5": "2", "6": "1", "7": "1", "8": "1", "9": "1", "10": "2", "11": "2", "12": "1", "13": "1", "14": "2", "15": "2", "16": "2", "17": "2", "18": "2", "19": "2", "20": "2", "21": "2", "22": "2", "23": "2", "24": "2", "25": "2"}, "target": 3}