{"edges": [[0, 1], [2, 1], [3, 1], [1, 0], [4, 0], [2, 0], [3, 0], [5, 0], [0, 4], [3, 4], [5, 4], [6, 7], [8, 7], [5, 7], [7, 6], [8, 6], [9, 6], [7, 8], [6, 8], [9, 8], [6, 9], [8, 9], [10, 9], [11, 9], [12, 9], [9, 10], [11, 10], [12, 10], [9, 11], [10, 11], [12, 11], [13, 11], [14, 15], [16, 15], [13, 15], [15, 14], [16, 14], [17, 14], [15, 16], [14, 16], [17, 16], [18, 16], [14, 17], [16, 17], [18, 17], [19, 17], [16, 18], [17, 18], [19, 18], [20, 18], [21, 18], [17, 19], [18, 19], [20, 19], [21, 19], [18, 20], [19, 20], [21, 20], [22, 23], [21, 23], [24, 23], [25, 23], [23, 22], [24, 22], [25, 22], [26, 27], [28, 27], [29, 27], [18, 21], [19, 21], [20, 21], [23, 21], [1, 2], [0, 2], [3, 2], [1, 3], [0, 3], [4, 3], [2, 3], [0, 5], [4, 5], [7, 5], [9, 12], [10, 12], [11, 12], [13, 12], [11, 13], [15, 13], [12, 13], [23, 24], [22, 24], [25, 24], [30, 24], [31, 24], [23, 25], [22, 25], [24, 25], [30, 25], [31, 25], [27, 26], [28, 26], [29, 26], [24, 30], [25, 30], [31, 30], [27, 28], [26, 28], [31, 28], [29, 28], [24, 31], [25, 31], [30, 31], [28, 31], [29, 31], [27, 29], [26, 29], [28, 29], [31, 29], [32, 33], [34, 33], [35, 33], [33, 32], [34, 32], [35, 32], [34, 36], [35, 36], [37, 36], [33, 34], [32, 34], [36, 34], [35, 34], [37, 34], [33, 35], [32, 35], [36, 35], [34, 35], [37, 35], [36, 37], [34, 37], [35, 37]], "labels": {"0": "1", "1": "1", "2": "2", "3": "2", "4": "1", "5": "2", "6": "1", "7": "1", "8": "1", "9": "1", "10": "1", "11": "1", "12": "2", "13": "2", "14": "1", "15": "1", "16": "1", "17": "1", "18": "1", "19": "1", "20": "1", "21": "2", "22": "1", "23": "1", "24": "2", "25": "2", "26": "2", "27": "1", "28": "2", "29": "2", "30": "2", "31": "2", "32": "2", "33": "2", "34": "2", "35": "2", "36": "2", "37": "2"}, "target": 3}