{"edges": [[0, 1], [2, 1], [3, 1], [1, 0], [2, 0], [3, 0], [4, 0], [5, 0], [1, 2], [0, 2], [6, 2], [7, 2], [2, 6], [8, 6], [9, 6], [7, 6], [10, 6], [11, 6], [6, 8], [9, 8], [11, 8], [6, 9], [8, 9], [12, 9], [13, 9], [14, 9], [11, 9], [9, 12], [13, 12], [15, 12], [14, 12], [9, 13], [12, 13], [15, 13], [16, 13], [12, 15], [13, 15], [17, 15], [18, 15], [19, 15], [16, 15], [20, 15], [15, 17], [18, 17], [19, 17], [20, 17], [15, 18], [17, 18], [19, 18], [15, 19], [17, 19], [18, 19], [21, 19], [22, 19], [23, 19], [24, 19], [19, 21], [22, 21], [23, 21], [24, 21], [19, 22], [21, 22], [23, 22], [25, 22], [19, 23], [21, 23], [22, 23], [26, 23], [25, 23], [27, 23], [23, 26], [25, 26], [28, 26], [22, 25], [23, 25], [26, 25], [29, 25], [1, 3], [0, 3], [4, 3], [5, 3], [0, 4], [3, 4], [7, 4], [5, 4], [10, 4], [2, 7], [6, 7], [4, 7], [10, 7], [9, 14], [12, 14], [16, 14], [11, 14], [13, 16], [15, 16], [14, 16], [20, 16], [15, 20], [17, 20], [16, 20], [24, 20], [19, 24], [21, 24], [20, 24], [27, 24], [23, 27], [24, 27], [30, 27], [28, 27], [0, 5], [3, 5], [4, 5], [6, 10], [4, 10], [7, 10], [6, 11], [8, 11], [9, 11], [14, 11], [27, 30], [28, 30], [29, 30], [26, 28], [27, 28], [30, 28], [29, 28], [25, 29], [30, 29], [28, 29], [31, 29], [32, 29], [33, 29], [29, 31], [32, 31], [33, 31], [29, 32], [31, 32], [33, 32], [34, 32], [35, 36], [34, 36], [37, 36], [29, 33], [31, 33], [32, 33], [34, 33], [36, 35], [34, 35], [37, 35], [32, 34], [36, 34], [33, 34], [35, 34], [37, 34], [36, 37], [35, 37], [34, 37]], "labels": {"0": "1", "1": "1", "2": "1", "3": "2", "4": "2", "5": "2", "6": "1", "7": "2", "8": "1", "9": "1", "10": "2", "11": "2", "12": "1", "13": "1", "14": "2", "15": "1", "16": "2", "17": "1", "18": "1", "19": "1", "20": "2", "21": "1", "22": "1", "23": "1", "24": "2", "25": "1", "26": "1", "27": "2", "28": "2", "29": "2", "30": "2", "31": "2", "32": "2", "33": "2", "34": "2", "35": "2", "36": "2", "37": "2"}, "target": 3}