{"edges": [[0, 1], [2, 1], [3, 1], [1, 0], [4, 0], [2, 0], [3, 0], [0, 4], [3, 4], [5, 4], [6, 7], [8, 7], [9, 7], [5, 7], [7, 6], [8, 6], [9, 6], [7, 8], [6, 8], [9, 8], [10, 8], [11, 8], [7, 9], [6, 9], [8, 9], [10, 9], [12, 9], [11, 9], [8, 10], [9, 10], [12, 10], [11, 10], [9, 12], [10, 12], [11, 12], [13, 12], [14, 12], [15, 16], [17, 16], [18, 16], [13, 16], [14, 16], [16, 15], [17, 15], [18, 15], [14, 15], [16, 17], [15, 17], [18, 17], [19, 17], [20, 17], [16, 18], [15, 18], [17, 18], [19, 18], [20, 18], [17, 19], [18, 19], [20, 19], [21, 19], [17, 20], [18, 20], [19, 20], [21, 20], [22, 23], [21, 23], [24, 23], [23, 22], [21, 22], [24, 22], [25, 22], [26, 27], [28, 27], [29, 27], [30, 27], [27, 26], [28, 26], [29, 26], [19, 21], [20, 21], [23, 21], [22, 21], [1, 2], [0, 2], [3, 2], [1, 3], [0, 3], [4, 3], [2, 3], [5, 3], [4, 5], [7, 5], [3, 5], [8, 11], [9, 11], [10, 11], [12, 11], [13, 11], [12, 13], [16, 13], [11, 13], [14, 13], [12, 14], [16, 14], [15, 14], [13, 14], [23, 24], [22, 24], [25, 24], [31, 24], [32, 24], [22, 25], [24, 25], [31, 25], [32, 25], [27, 28], [26, 28], [29, 28], [30, 28], [24, 31], [25, 31], [32, 31], [27, 29], [26, 29], [28, 29], [32, 29], [30, 29], [24, 32], [25, 32], [31, 32], [29, 32], [30, 32], [27, 30], [28, 30], [29, 30], [32, 30]], "labels": {"0": "1", "1": "1", "2": "2", "3": "2", "4": "1", "5": "2", "6": "1", "7": "1", "8": "1", "9": "1", "10": "1", "11": "2", "12": "1", "13": "2", "14": "2", "15": "1", "16": "1", "17": "1", "18": "1", "19": "1", "20": "1", "21": "2", "22": "1", "23": "1", "24": "2", "25": "2", "26": "1", "27": "1", "28": "2", "29": "2", "30": "2", "31": "2", "32": "2"}, "target": 3}