{"edges": [[0, 1], [2, 1], [3, 1], [1, 0], [4, 0], [5, 0], [6, 0], [0, 4], [6, 4], [7, 4], [8, 9], [6, 9], [7, 9], [9, 8], [10, 8], [7, 8], [8, 10], [11, 10], [12, 10], [10, 11], [13, 11], [14, 11], [12, 11], [11, 13], [15, 13], [14, 13], [13, 15], [14, 15], [16, 15], [17, 18], [16, 18], [19, 18], [18, 17], [20, 17], [21, 17], [19, 17], [17, 20], [21, 20], [22, 20], [17, 21], [20, 21], [22, 21], [23, 21], [20, 22], [21, 22], [23, 22], [24, 22], [21, 23], [22, 23], [25, 23], [26, 23], [27, 23], [24, 23], [23, 25], [26, 25], [27, 25], [24, 25], [23, 26], [25, 26], [27, 26], [23, 27], [25, 27], [26, 27], [28, 27], [29, 30], [31, 30], [32, 30], [30, 29], [32, 29], [33, 29], [34, 35], [36, 35], [37, 35], [1, 2], [5, 2], [3, 2], [0, 5], [2, 5], [3, 5], [0, 6], [4, 6], [9, 6], [7, 6], [11, 14], [13, 14], [15, 14], [12, 14], [15, 16], [18, 16], [19, 16], [18, 19], [17, 19], [16, 19], [22, 24], [23, 24], [25, 24], [27, 28], [31, 28], [32, 28], [1, 3], [2, 3], [5, 3], [4, 7], [9, 7], [8, 7], [6, 7], [10, 12], [11, 12], [14, 12], [30, 31], [28, 31], [32, 31], [33, 31], [30, 32], [29, 32], [28, 32], [31, 32], [33, 32], [29, 33], [31, 33], [32, 33], [38, 33], [39, 33], [40, 33], [33, 38], [39, 38], [40, 38], [33, 39], [38, 39], [40, 39], [41, 39], [35, 34], [36, 34], [41, 34], [37, 34], [33, 40], [38, 40], [39, 40], [41, 40], [35, 36], [34, 36], [41, 36], [37, 36], [39, 41], [34, 41], [40, 41], [36, 41], [37, 41], [35, 37], [34, 37], [36, 37], [41, 37]], "labels": {"0": "1", "1": "1", "2": "2", "3": "2", "4": "1", "5": "2", "6": "2", "7": "2", "8": "1", "9": "1", "10": "1", "11": "1", "12": "2", "13": "1", "14": "2", "15": "1", "16": "2", "17": "1", "18": "1", "19": "2", "20": "1", "21": "1", "22": "1", "23": "1", "24": "2", "25": "1", "26": "1", "27": "1", "28": "2", "29": "1", "30": "1", "31": "2", "32": "2", "33": "2", "34": "2", "35": "1", "36": "2", "37": "2", "38": "2", "39": "2", "40": "2", "41": "2"}, "target": 3}