{"edges": [[0, 1], [2, 1], [3, 1], [1, 0], [4, 0], [2, 0], [5, 0], [0, 4], [6, 4], [7, 4], [8, 4], [4, 6], [9, 6], [8, 6], [10, 11], [12, 11], [13, 11], [11, 10], [14, 10], [15, 10], [10, 14], [15, 14], [16, 14], [17, 14], [10, 15], [14, 15], [16, 15], [17, 15], [18, 15], [14, 16], [15, 16], [17, 16], [18, 16], [19, 20], [18, 20], [21, 20], [20, 19], [22, 19], [21, 19], [19, 22], [23, 22], [21, 22], [24, 22], [22, 23], [25, 23], [24, 23], [23, 25], [26, 25], [27, 25], [24, 25], [28, 25], [25, 26], [27, 26], [28, 26], [25, 27], [26, 27], [28, 27], [29, 27], [30, 31], [32, 31], [33, 31], [34, 35], [36, 35], [37, 35], [1, 2], [0, 2], [5, 2], [3, 2], [7, 2], [0, 5], [2, 5], [3, 5], [7, 5], [8, 5], [6, 9], [8, 9], [12, 9], [13, 9], [14, 17], [15, 17], [16, 17], [18, 17], [15, 18], [16, 18], [20, 18], [17, 18], [21, 18], [20, 21], [19, 21], [22, 21], [18, 21], [22, 24], [23, 24], [25, 24], [28, 24], [25, 28], [26, 28], [27, 28], [24, 28], [29, 28], [1, 3], [2, 3], [5, 3], [4, 7], [2, 7], [5, 7], [8, 7], [4, 8], [6, 8], [5, 8], [9, 8], [7, 8], [11, 12], [9, 12], [13, 12], [11, 13], [9, 13], [12, 13], [27, 29], [28, 29], [38, 29], [30, 29], [29, 38], [30, 38], [33, 38], [31, 30], [29, 30], [38, 30], [33, 30], [35, 34], [39, 34], [36, 34], [37, 34], [31, 32], [40, 32], [33, 32], [32, 40], [39, 40], [36, 40], [31, 33], [38, 33], [30, 33], [32, 33], [34, 39], [40, 39], [36, 39], [37, 39], [35, 36], [34, 36], [40, 36], [39, 36], [37, 36], [35, 37], [34, 37], [39, 37], [36, 37]], "labels": {"0": "1", "1": "1", "2": "2", "3": "2", "4": "1", "5": "2", "6": "1", "7": "2", "8": "2", "9": "2", "10": "1", "11": "1", "12": "2", "13": "2", "14": "1", "15": "1", "16": "1", "17": "2", "18": "2", "19": "1", "20": "1", "21": "2", "22": "1", "23": "1", "24": "2", "25": "1", "26": "1", "27": "1", "28": "2", "29": "2", "30": "2", "31": "1", "32": "2", "33": "2", "34": "2", "35": "1", "36": "2", "37": "2", "38": "2", "39": "2", "40": "2"}, "target": 3}