{"edges": [[0, 1], [2, 1], [3, 1], [1, 0], [4, 0], [5, 0], [6, 0], [7, 0], [0, 4], [5, 4], [8, 4], [9, 4], [0, 5], [4, 5], [8, 5], [10, 5], [11, 5], [4, 8], [5, 8], [10, 8], [12, 8], [13, 8], [14, 8], [5, 10], [8, 10], [12, 10], [15, 10], [13, 10], [8, 12], [10, 12], [15, 12], [16, 12], [10, 15], [12, 15], [17, 15], [18, 15], [19, 15], [16, 15], [15, 17], [18, 17], [20, 17], [19, 17], [15, 18], [17, 18], [20, 18], [17, 20], [18, 20], [21, 20], [22, 20], [20, 21], [23, 21], [24, 21], [25, 21], [22, 21], [26, 21], [21, 23], [24, 23], [25, 23], [27, 23], [26, 23], [21, 24], [23, 24], [25, 24], [27, 24], [21, 25], [23, 25], [24, 25], [27, 25], [28, 25], [23, 27], [24, 27], [25, 27], [29, 27], [30, 27], [20, 22], [21, 22], [19, 22], [16, 22], [26, 22], [15, 19], [17, 19], [22, 19], [16, 19], [13, 19], [12, 16], [15, 16], [22, 16], [19, 16], [13, 16], [14, 16], [8, 13], [10, 13], [19, 13], [16, 13], [14, 13], [0, 6], [7, 6], [31, 6], [32, 6], [33, 6], [1, 2], [3, 2], [34, 2], [7, 2], [1, 3], [2, 3], [34, 3], [7, 3], [21, 26], [23, 26], [22, 26], [28, 26], [35, 26], [2, 34], [3, 34], [7, 34], [0, 7], [6, 7], [2, 7], [3, 7], [34, 7], [4, 9], [31, 9], [36, 9], [37, 9], [38, 9], [11, 9], [6, 31], [9, 31], [36, 31], [37, 31], [32, 31], [33, 31], [9, 36], [31, 36], [37, 36], [32, 36], [9, 37], [31, 37], [36, 37], [11, 37], [6, 32], [31, 32], [36, 32], [33, 32], [9, 38], [11, 38], [14, 38], [5, 11], [9, 11], [37, 11], [38, 11], [14, 11], [8, 14], [16, 14], [13, 14], [38, 14], [11, 14], [6, 33], [31, 33], [32, 33], [25, 28], [26, 28], [35, 28], [39, 28], [30, 28], [26, 35], [28, 35], [39, 35], [30, 35], [28, 39], [35, 39], [29, 39], [30, 39], [29, 40], [41, 40], [42, 40], [27, 29], [39, 29], [40, 29], [41, 29], [30, 29], [42, 29], [40, 41], [29, 41], [30, 41], [42, 41], [27, 30], [28, 30], [35, 30], [39, 30], [29, 30], [41, 30], [40, 42], [29, 42], [41, 42]], "labels": {"0": "1", "1": "1", "2": "2", "3": "2", "4": "1", "5": "1", "6": "2", "7": "2", "8": "1", "9": "2", "10": "1", "11": "2", "12": "1", "13": "2", "14": "2", "15": "1", "16": "2", "17": "1", "18": "1", "19": "2", "20": "1", "21": "1", "22": "2", "23": "1", "24": "1", "25": "1", "26": "2", "27": "1", "28": "2", "29": "2", "30": "2", "31": "2", "32": "2", "33": "2", "34": "2", "35": "2", "36": "2", "37": "2", "38": "2", "39": "2", "40": "2", "41": "2", "42": "2"}, "target": 3}