{"edges": [[0, 1], [2, 1], [1, 0], [3, 0], [4, 0], [5, 0], [6, 0], [0, 3], [7, 3], [2, 3], [8, 3], [9, 3], [10, 3], [3, 7], [4, 7], [11, 7], [12, 7], [13, 14], [15, 14], [16, 14], [17, 14], [14, 13], [15, 13], [18, 13], [19, 20], [21, 20], [22, 20], [20, 19], [23, 19], [21, 19], [24, 25], [26, 25], [1, 2], [3, 2], [4, 2], [27, 2], [28, 2], [0, 4], [7, 4], [2, 4], [8, 4], [3, 8], [4, 8], [15, 8], [14, 15], [13, 15], [8, 15], [16, 15], [14, 16], [15, 16], [23, 16], [19, 23], [16, 23], [21, 23], [20, 21], [19, 21], [23, 21], [25, 24], [29, 24], [30, 24], [24, 29], [6, 29], [26, 29], [28, 29], [0, 5], [31, 5], [32, 5], [33, 34], [35, 34], [36, 34], [20, 22], [37, 22], [38, 22], [18, 22], [0, 6], [29, 6], [30, 6], [31, 39], [9, 39], [32, 39], [5, 31], [39, 31], [27, 31], [9, 31], [32, 31], [40, 41], [17, 41], [42, 41], [41, 40], [35, 40], [17, 40], [42, 40], [22, 37], [38, 37], [18, 37], [43, 44], [11, 44], [10, 44], [44, 43], [11, 43], [10, 43], [33, 45], [12, 45], [36, 45], [34, 33], [45, 33], [35, 33], [12, 33], [36, 33], [25, 26], [29, 26], [30, 26], [24, 30], [6, 30], [26, 30], [28, 30], [2, 27], [31, 27], [32, 27], [34, 35], [40, 35], [33, 35], [36, 35], [22, 38], [37, 38], [18, 38], [2, 28], [29, 28], [30, 28], [3, 9], [39, 9], [31, 9], [32, 9], [5, 32], [39, 32], [31, 32], [27, 32], [9, 32], [14, 17], [41, 17], [40, 17], [42, 17], [41, 42], [40, 42], [17, 42], [13, 18], [22, 18], [37, 18], [38, 18], [7, 11], [44, 11], [43, 11], [10, 11], [3, 10], [44, 10], [43, 10], [11, 10], [7, 12], [45, 12], [33, 12], [36, 12], [34, 36], [45, 36], [33, 36], [35, 36], [12, 36]], "labels": {"0": "1", "1": "1", "2": "1", "3": "1", "4": "1", "5": "2", "6": "2", "7": "1", "8": "1", "9": "2", "10": "2", "11": "2", "12": "2", "13": "1", "14": "1", "15": "1", "16": "1", "17": "2", "18": "2", "19": "1", "20": "1", "21": "1", "22": "2", "23": "1", "24": "2", "25": "1", "26": "2", "27": "2", "28": "2", "29": "2", "30": "2", "31": "2", "32": "2", "33": "2", "34": "2", "35": "2", "36": "2", "37": "2", "38": "2", "39": "2", "40": "2", "41": "2", "42": "2", "43": "2", "44": "2", "45": "2"}, "target": 4}