{"edges": [[0, 1], [2, 1], [3, 1], [4, 5], [6, 5], [7, 5], [8, 9], [10, 9], [11, 9], [12, 9], [13, 14], [15, 14], [16, 14], [17, 14], [18, 19], [20, 19], [21, 19], [22, 19], [23, 19], [19, 18], [20, 18], [19, 20], [18, 20], [21, 20], [0, 24], [2, 24], [25, 26], [27, 26], [4, 26], [7, 26], [28, 26], [26, 25], [8, 25], [11, 25], [29, 25], [13, 30], [16, 30], [31, 30], [32, 33], [34, 33], [23, 33], [33, 32], [34, 32], [35, 32], [36, 32], [33, 34], [32, 34], [35, 34], [0, 37], [2, 37], [3, 37], [27, 38], [4, 38], [6, 38], [39, 38], [40, 38], [26, 27], [38, 27], [8, 27], [12, 27], [41, 27], [13, 42], [17, 42], [43, 42], [32, 35], [34, 35], [21, 35], [36, 35], [44, 35], [19, 21], [20, 21], [35, 21], [36, 21], [32, 36], [35, 36], [21, 36], [1, 0], [24, 0], [37, 0], [45, 0], [0, 45], [46, 45], [2, 45], [47, 45], [3, 45], [48, 45], [46, 49], [50, 49], [51, 52], [53, 52], [19, 22], [15, 22], [31, 22], [43, 22], [45, 46], [49, 46], [54, 46], [55, 46], [5, 4], [26, 4], [38, 4], [50, 4], [56, 4], [57, 4], [49, 50], [4, 50], [58, 50], [7, 50], [59, 50], [39, 50], [14, 13], [30, 13], [42, 13], [51, 13], [60, 13], [61, 13], [52, 51], [13, 51], [14, 15], [22, 15], [23, 15], [44, 15], [9, 8], [25, 8], [27, 8], [6, 8], [28, 8], [40, 8], [5, 6], [38, 6], [8, 6], [11, 6], [12, 6], [9, 10], [53, 10], [62, 10], [63, 10], [52, 53], [10, 53], [64, 53], [29, 53], [65, 53], [41, 53], [63, 53], [1, 2], [24, 2], [37, 2], [45, 2], [54, 2], [46, 54], [2, 54], [47, 54], [50, 58], [47, 58], [53, 64], [60, 64], [62, 64], [19, 23], [33, 23], [15, 23], [31, 23], [45, 47], [54, 47], [58, 47], [5, 7], [26, 7], [50, 7], [56, 7], [4, 56], [7, 56], [14, 16], [30, 16], [60, 16], [13, 60], [64, 60], [16, 60], [30, 31], [22, 31], [23, 31], [9, 11], [25, 11], [6, 11], [28, 11], [26, 28], [8, 28], [11, 28], [25, 29], [53, 29], [62, 29], [10, 62], [64, 62], [29, 62], [63, 62], [1, 3], [37, 3], [45, 3], [55, 3], [46, 55], [3, 55], [48, 55], [50, 59], [48, 59], [53, 65], [61, 65], [63, 65], [35, 44], [15, 44], [43, 44], [45, 48], [55, 48], [59, 48], [38, 39], [50, 39], [57, 39], [4, 57], [39, 57], [14, 17], [42, 17], [61, 17], [13, 61], [65, 61], [17, 61], [42, 43], [22, 43], [44, 43], [9, 12], [27, 12], [6, 12], [40, 12], [38, 40], [8, 40], [12, 40], [27, 41], [53, 41], [63, 41], [10, 63], [53, 63], [62, 63], [65, 63], [41, 63]], "labels": {"0": "2", "1": "1", "2": "2", "3": "2", "4": "2", "5": "1", "6": "2", "7": "2", "8": "2", "9": "1", "10": "2", "11": "2", "12": "2", "13": "2", "14": "1", "15": "2", "16": "2", "17": "2", "18": "1", "19": "1", "20": "1", "21": "1", "22": "2", "23": "2", "24": "1", "25": "1", "26": "1", "27": "1", "28": "2", "29": "2", "30": "1", "31": "2", "32": "1", "33": "1", "34": "1", "35": "1", "36": "1", "37": "1", "38": "1", "39": "2", "40": "2", "41": "2", "42": "1", "43": "2", "44": "2", "45": "2", "46": "2", "47": "2", "48": "2", "49": "2", "50": "2", "51": "2", "52": "2", "53": "2", "54": "2", "55": "2", "56": "2", "57": "2", "58": "2", "59": "2", "60": "2", "61": "2", "62": "2", "63": "2", "64": "2", "65": "2"}, "target": 4}