{"edges": [[0, 1], [2, 1], [3, 1], [1, 0], [2, 0], [3, 0], [4, 0], [1, 2], [0, 2], [3, 2], [4, 2], [5, 2], [1, 3], [0, 3], [2, 3], [4, 3], [6, 3], [0, 4], [2, 4], [3, 4], [6, 4], [5, 4], [3, 6], [4, 6], [7, 6], [5, 6], [6, 7], [8, 7], [9, 7], [10, 7], [7, 8], [9, 8], [10, 8], [7, 9], [8, 9], [10, 9], [11, 9], [7, 10], [8, 10], [9, 10], [12, 10], [11, 10], [10, 12], [13, 12], [14, 12], [11, 12], [12, 13], [14, 13], [15, 13], [12, 14], [13, 14], [15, 14], [16, 14], [13, 15], [14, 15], [17, 15], [18, 15], [16, 15], [15, 17], [18, 17], [19, 17], [15, 18], [17, 18], [19, 18], [20, 18], [21, 18], [17, 19], [18, 19], [20, 19], [22, 19], [21, 19], [18, 20], [19, 20], [22, 20], [23, 20], [24, 20], [19, 22], [20, 22], [23, 22], [25, 22], [26, 22], [24, 22], [27, 22], [20, 23], [22, 23], [25, 23], [26, 23], [27, 23], [22, 25], [23, 25], [26, 25], [28, 25], [22, 26], [23, 26], [25, 26], [28, 26], [2, 5], [4, 5], [6, 5], [11, 5], [9, 11], [10, 11], [12, 11], [5, 11], [16, 11], [14, 16], [15, 16], [11, 16], [21, 16], [24, 16], [18, 21], [19, 21], [16, 21], [24, 21], [27, 21], [20, 24], [22, 24], [16, 24], [21, 24], [27, 24], [28, 24], [22, 27], [23, 27], [21, 27], [24, 27], [28, 27], [25, 28], [26, 28], [24, 28], [27, 28]], "labels": {"0": "1", "1": "1", "2": "1", "3": "1", "4": "1", "5": "2", "6": "1", "7": "1", "8": "1", "9": "1", "10": "1", "11": "2", "12": "1", "13": "1", "14": "1", "15": "1", "16": "2", "17": "1", "18": "1", "19": "1", "20": "1", "21": "2", "22": "1", "23": "1", "24": "2", "25": "1", "26": "1", "27": "2", "28": "2"}, "target": 4}