{"edges": [[0, 1], [2, 1], [3, 1], [1, 0], [4, 0], [5, 0], [2, 0], [3, 0], [6, 0], [7, 0], [0, 4], [5, 4], [8, 4], [7, 4], [0, 5], [4, 5], [8, 5], [4, 8], [5, 8], [9, 8], [8, 9], [10, 9], [11, 9], [9, 10], [11, 10], [12, 10], [9, 11], [10, 11], [12, 11], [13, 11], [10, 12], [11, 12], [13, 12], [14, 12], [11, 13], [12, 13], [14, 13], [15, 13], [12, 14], [13, 14], [15, 14], [13, 15], [14, 15], [16, 15], [15, 16], [17, 16], [18, 16], [19, 16], [16, 17], [18, 17], [19, 17], [16, 18], [17, 18], [19, 18], [16, 19], [17, 19], [18, 19], [1, 2], [0, 2], [3, 2], [20, 2], [1, 3], [0, 3], [2, 3], [21, 3], [22, 3], [23, 24], [20, 24], [21, 24], [24, 23], [6, 23], [20, 23], [21, 23], [22, 23], [0, 6], [23, 6], [7, 6], [21, 6], [22, 6], [25, 6], [0, 7], [4, 7], [6, 7], [22, 7], [25, 7], [2, 20], [24, 20], [23, 20], [21, 20], [3, 21], [24, 21], [23, 21], [6, 21], [20, 21], [3, 22], [23, 22], [6, 22], [7, 22], [25, 22], [6, 25], [7, 25], [22, 25]], "labels": {"0": "1", "1": "1", "2": "1", "3": "1", "4": "1", "5": "1", "6": "2", "7": "2", "8": "1", "9": "1", "10": "1", "11": "1", "12": "1", "13": "1", "14": "1", "15": "1", "16": "1", "17": "1", "18": "1", "19": "1", "20": "2", "21": "2", "22": "2", "23": "2", "24": "2", "25": "2"}, "target": 4}