{"edges": [[0, 1], [2, 1], [3, 1], [1, 0], [2, 0], [3, 0], [4, 0], [1, 2], [0, 2], [3, 2], [4, 2], [1, 3], [0, 3], [2, 3], [4, 3], [5, 3], [0, 4], [2, 4], [3, 4], [5, 4], [3, 5], [4, 5], [6, 5], [5, 6], [7, 6], [8, 6], [6, 7], [8, 7], [9, 7], [6, 8], [7, 8], [9, 8], [10, 8], [7, 9], [8, 9], [10, 9], [11, 9], [8, 10], [9, 10], [12, 10], [11, 10], [10, 12], [13, 12], [14, 12], [15, 12], [12, 13], [14, 13], [16, 13], [15, 13], [12, 14], [13, 14], [16, 14], [17, 14], [18, 14], [13, 16], [14, 16], [17, 16], [18, 16], [14, 17], [16, 17], [18, 17], [19, 17], [14, 18], [16, 18], [17, 18], [19, 18], [20, 18], [21, 18], [22, 18], [17, 19], [18, 19], [20, 19], [21, 19], [23, 19], [24, 19], [18, 20], [19, 20], [21, 20], [24, 20], [25, 20], [18, 21], [19, 21], [20, 21], [26, 21], [27, 28], [29, 28], [30, 28], [31, 28], [28, 27], [29, 27], [30, 27], [32, 27], [33, 27], [28, 29], [27, 29], [30, 29], [32, 29], [28, 30], [27, 30], [29, 30], [32, 30], [34, 30], [35, 30], [27, 32], [29, 32], [30, 32], [34, 32], [35, 32], [30, 34], [32, 34], [35, 34], [30, 35], [32, 35], [34, 35], [9, 11], [10, 11], [15, 11], [36, 11], [22, 11], [12, 15], [13, 15], [11, 15], [36, 15], [22, 15], [19, 23], [36, 23], [22, 23], [24, 23], [25, 23], [26, 23], [11, 36], [15, 36], [23, 36], [22, 36], [24, 36], [18, 22], [11, 22], [15, 22], [23, 22], [36, 22], [24, 22], [19, 24], [20, 24], [23, 24], [36, 24], [22, 24], [25, 24], [26, 24], [20, 25], [23, 25], [24, 25], [26, 25], [21, 26], [23, 26], [24, 26], [25, 26], [28, 31], [37, 31], [38, 31], [33, 31], [31, 37], [38, 37], [33, 37], [31, 38], [37, 38], [33, 38], [27, 33], [31, 33], [37, 33], [38, 33]], "labels": {"0": "1", "1": "1", "2": "1", "3": "1", "4": "1", "5": "1", "6": "1", "7": "1", "8": "1", "9": "1", "10": "1", "11": "2", "12": "1", "13": "1", "14": "1", "15": "2", "16": "1", "17": "1", "18": "1", "19": "1", "20": "1", "21": "1", "22": "2", "23": "2", "24": "2", "25": "2", "26": "2", "27": "1", "28": "1", "29": "1", "30": "1", "31": "2", "32": "1", "33": "2", "34": "1", "35": "1", "36": "2", "37": "2", "38": "2"}, "target": 6}