{"edges": [[0, 1], [2, 1], [3, 1], [1, 0], [4, 0], [5, 0], [6, 0], [0, 4], [5, 4], [7, 4], [2, 4], [3, 4], [6, 4], [8, 4], [0, 5], [4, 5], [7, 5], [9, 5], [8, 5], [4, 7], [5, 7], [9, 7], [8, 7], [10, 7], [5, 9], [7, 9], [11, 9], [10, 9], [12, 9], [9, 11], [13, 11], [14, 11], [15, 11], [16, 11], [11, 13], [14, 13], [17, 13], [18, 13], [19, 13], [11, 14], [13, 14], [17, 14], [20, 14], [21, 14], [18, 14], [13, 17], [14, 17], [20, 17], [22, 17], [23, 17], [21, 17], [14, 20], [17, 20], [22, 20], [24, 20], [23, 20], [17, 22], [20, 22], [24, 22], [23, 22], [20, 24], [22, 24], [25, 24], [26, 24], [24, 25], [27, 25], [28, 25], [29, 25], [25, 27], [30, 27], [31, 27], [1, 2], [4, 2], [3, 2], [6, 2], [1, 3], [4, 3], [2, 3], [6, 3], [0, 6], [4, 6], [2, 6], [3, 6], [25, 28], [29, 28], [30, 28], [31, 28], [4, 8], [5, 8], [7, 8], [10, 8], [17, 23], [20, 23], [22, 23], [21, 23], [18, 23], [14, 21], [17, 21], [23, 21], [18, 21], [13, 18], [14, 18], [23, 18], [21, 18], [32, 18], [19, 18], [11, 15], [33, 15], [16, 15], [32, 15], [19, 15], [7, 10], [9, 10], [8, 10], [12, 10], [33, 10], [9, 12], [10, 12], [33, 12], [16, 12], [15, 33], [10, 33], [12, 33], [16, 33], [11, 16], [15, 16], [12, 16], [33, 16], [18, 32], [15, 32], [19, 32], [13, 19], [18, 19], [15, 19], [32, 19], [34, 35], [26, 35], [36, 35], [35, 34], [29, 34], [26, 34], [36, 34], [25, 29], [28, 29], [34, 29], [36, 29], [30, 29], [31, 29], [24, 26], [35, 26], [34, 26], [36, 26], [35, 36], [34, 36], [29, 36], [26, 36], [27, 30], [28, 30], [29, 30], [31, 30], [27, 31], [28, 31], [29, 31], [30, 31]], "labels": {"0": "1", "1": "1", "2": "2", "3": "2", "4": "1", "5": "1", "6": "2", "7": "1", "8": "2", "9": "1", "10": "2", "11": "1", "12": "2", "13": "1", "14": "1", "15": "2", "16": "2", "17": "1", "18": "2", "19": "2", "20": "1", "21": "2", "22": "1", "23": "2", "24": "1", "25": "1", "26": "2", "27": "1", "28": "2", "29": "2", "30": "2", "31": "2", "32": "2", "33": "2", "34": "2", "35": "2", "36": "2"}, "target": 4}