{"edges": [[0, 1], [2, 1], [3, 1], [4, 5], [0, 5], [6, 5], [3, 5], [5, 4], [7, 4], [8, 4], [4, 7], [8, 7], [9, 7], [10, 11], [8, 11], [9, 11], [12, 11], [11, 10], [13, 10], [12, 10], [14, 15], [16, 15], [17, 15], [18, 15], [14, 19], [20, 19], [21, 19], [22, 19], [23, 24], [20, 24], [25, 24], [24, 23], [25, 23], [26, 23], [25, 27], [26, 27], [28, 27], [29, 27], [30, 31], [32, 31], [29, 31], [33, 31], [34, 35], [32, 35], [36, 35], [35, 34], [36, 34], [37, 34], [38, 34], [1, 0], [5, 0], [6, 0], [2, 0], [3, 0], [4, 8], [7, 8], [11, 8], [9, 8], [10, 13], [39, 13], [40, 13], [15, 14], [19, 14], [21, 14], [22, 14], [19, 20], [24, 20], [22, 20], [24, 25], [23, 25], [27, 25], [26, 25], [31, 30], [28, 30], [29, 30], [33, 30], [31, 32], [35, 32], [36, 32], [5, 6], [0, 6], [3, 6], [13, 39], [40, 39], [17, 39], [15, 16], [40, 16], [17, 16], [18, 16], [1, 2], [0, 2], [3, 2], [1, 3], [5, 3], [0, 3], [6, 3], [2, 3], [7, 9], [11, 9], [8, 9], [12, 9], [11, 12], [10, 12], [9, 12], [13, 40], [39, 40], [16, 40], [17, 40], [15, 17], [39, 17], [16, 17], [40, 17], [18, 17], [15, 18], [16, 18], [17, 18], [19, 21], [14, 21], [22, 21], [19, 22], [14, 22], [20, 22], [21, 22], [23, 26], [27, 26], [25, 26], [27, 28], [30, 28], [29, 28], [27, 29], [31, 29], [30, 29], [28, 29], [33, 29], [31, 33], [30, 33], [29, 33], [35, 36], [34, 36], [32, 36], [37, 36], [38, 36], [34, 37], [36, 37], [38, 37], [34, 38], [36, 38], [37, 38]], "labels": {"0": "2", "1": "1", "2": "3", "3": "3", "4": "1", "5": "1", "6": "2", "7": "1", "8": "2", "9": "3", "10": "1", "11": "1", "12": "3", "13": "2", "14": "2", "15": "1", "16": "2", "17": "3", "18": "3", "19": "1", "20": "2", "21": "3", "22": "3", "23": "1", "24": "1", "25": "2", "26": "3", "27": "1", "28": "3", "29": "3", "30": "2", "31": "1", "32": "2", "33": "3", "34": "1", "35": "1", "36": "3", "37": "3", "38": "3", "39": "2", "40": "3"}, "target": 4}