{"edges": [[0, 1], [2, 1], [1, 0], [3, 0], [4, 0], [5, 0], [6, 0], [0, 3], [7, 3], [8, 3], [5, 3], [3, 7], [9, 7], [8, 7], [10, 7], [7, 9], [11, 9], [10, 9], [9, 11], [12, 11], [13, 11], [11, 12], [13, 12], [14, 12], [15, 12], [11, 13], [12, 13], [14, 13], [16, 13], [15, 13], [12, 14], [13, 14], [17, 14], [18, 14], [19, 14], [20, 21], [16, 21], [22, 21], [19, 21], [21, 20], [18, 20], [23, 20], [24, 25], [26, 25], [27, 25], [23, 25], [25, 24], [28, 24], [26, 24], [27, 24], [0, 4], [2, 4], [29, 4], [1, 2], [4, 2], [30, 2], [31, 2], [29, 2], [2, 30], [32, 30], [33, 30], [31, 30], [30, 32], [34, 32], [33, 32], [35, 32], [32, 34], [36, 34], [35, 34], [34, 36], [37, 36], [17, 36], [36, 37], [17, 37], [16, 37], [38, 37], [14, 17], [36, 17], [37, 17], [16, 17], [38, 17], [13, 16], [21, 16], [37, 16], [17, 16], [39, 16], [14, 18], [20, 18], [22, 18], [39, 18], [21, 22], [18, 22], [40, 22], [24, 28], [26, 28], [41, 28], [40, 28], [25, 26], [24, 26], [28, 26], [41, 26], [3, 8], [7, 8], [10, 8], [35, 8], [0, 5], [3, 5], [6, 5], [29, 5], [0, 6], [5, 6], [31, 6], [25, 27], [24, 27], [23, 27], [40, 27], [20, 23], [25, 23], [27, 23], [41, 23], [14, 19], [21, 19], [15, 19], [38, 19], [12, 15], [13, 15], [19, 15], [39, 15], [7, 10], [9, 10], [8, 10], [33, 10], [35, 10], [30, 33], [32, 33], [10, 33], [35, 33], [2, 31], [30, 31], [6, 31], [29, 31], [4, 29], [2, 29], [5, 29], [31, 29], [28, 41], [26, 41], [23, 41], [40, 41], [22, 40], [28, 40], [27, 40], [41, 40], [16, 39], [18, 39], [15, 39], [38, 39], [37, 38], [17, 38], [19, 38], [39, 38], [32, 35], [34, 35], [8, 35], [10, 35], [33, 35]], "labels": {"0": "1", "1": "1", "2": "1", "3": "1", "4": "1", "5": "2", "6": "2", "7": "1", "8": "2", "9": "1", "10": "2", "11": "1", "12": "1", "13": "1", "14": "1", "15": "2", "16": "1", "17": "1", "18": "1", "19": "2", "20": "1", "21": "1", "22": "1", "23": "2", "24": "1", "25": "1", "26": "1", "27": "2", "28": "1", "29": "2", "30": "1", "31": "2", "32": "1", "33": "2", "34": "1", "35": "2", "36": "1", "37": "1", "38": "2", "39": "2", "40": "2", "41": "2"}, "target": 4}