{"edges": [[0, 1], [2, 1], [3, 4], [5, 4], [6, 4], [7, 4], [4, 3], [8, 3], [9, 3], [10, 3], [3, 8], [11, 8], [0, 8], [12, 8], [2, 8], [13, 8], [14, 8], [8, 11], [15, 11], [16, 11], [17, 11], [18, 19], [20, 19], [21, 19], [22, 23], [24, 23], [7, 23], [21, 23], [23, 22], [25, 22], [18, 22], [22, 25], [26, 25], [18, 25], [27, 25], [25, 26], [28, 26], [4, 5], [9, 5], [29, 5], [30, 5], [19, 18], [22, 18], [25, 18], [27, 18], [31, 18], [30, 18], [25, 27], [18, 27], [31, 27], [32, 27], [18, 31], [27, 31], [33, 31], [34, 31], [31, 33], [32, 33], [35, 33], [23, 24], [7, 24], [36, 24], [37, 24], [1, 0], [8, 0], [12, 0], [15, 0], [38, 0], [37, 0], [8, 12], [0, 12], [15, 12], [11, 15], [0, 15], [12, 15], [16, 15], [11, 16], [15, 16], [39, 16], [40, 16], [2, 41], [42, 41], [43, 41], [44, 41], [1, 2], [8, 2], [41, 2], [13, 2], [45, 2], [38, 2], [43, 2], [8, 13], [2, 13], [45, 13], [46, 13], [2, 45], [13, 45], [46, 45], [47, 45], [13, 46], [45, 46], [40, 46], [7, 48], [37, 48], [49, 48], [50, 48], [51, 52], [32, 52], [53, 52], [54, 52], [50, 52], [52, 51], [32, 51], [53, 51], [54, 51], [55, 51], [27, 32], [33, 32], [52, 32], [51, 32], [34, 32], [31, 34], [32, 34], [55, 34], [56, 34], [0, 38], [2, 38], [57, 38], [58, 38], [3, 9], [5, 9], [6, 9], [58, 9], [4, 6], [9, 6], [10, 6], [3, 10], [6, 10], [14, 10], [8, 14], [10, 14], [59, 14], [52, 53], [51, 53], [60, 53], [61, 53], [41, 42], [47, 42], [54, 42], [61, 42], [45, 47], [42, 47], [54, 47], [52, 54], [51, 54], [42, 54], [47, 54], [55, 54], [51, 55], [34, 55], [54, 55], [62, 55], [7, 63], [64, 63], [44, 63], [4, 7], [23, 7], [24, 7], [48, 7], [63, 7], [43, 7], [58, 7], [11, 17], [65, 17], [17, 65], [24, 36], [64, 36], [44, 36], [24, 37], [0, 37], [48, 37], [43, 37], [58, 37], [16, 39], [66, 39], [39, 66], [19, 20], [64, 20], [44, 20], [19, 21], [23, 21], [43, 21], [58, 21], [26, 28], [67, 28], [28, 67], [5, 29], [5, 30], [18, 30], [33, 35], [68, 35], [35, 68], [63, 64], [36, 64], [20, 64], [44, 69], [41, 43], [2, 43], [7, 43], [37, 43], [21, 43], [16, 40], [46, 40], [70, 40], [40, 70], [53, 60], [53, 61], [42, 61], [55, 62], [71, 62], [62, 71], [48, 49], [48, 50], [52, 50], [34, 56], [72, 56], [56, 72], [38, 57], [38, 58], [9, 58], [7, 58], [37, 58], [21, 58], [14, 59], [73, 59], [59, 73], [41, 44], [63, 44], [36, 44], [20, 44], [69, 44]], "labels": {"0": "1", "1": "1", "2": "1", "3": "1", "4": "1", "5": "1", "6": "1", "7": "2", "8": "1", "9": "1", "10": "1", "11": "1", "12": "1", "13": "1", "14": "1", "15": "1", "16": "1", "17": "2", "18": "1", "19": "1", "20": "2", "21": "2", "22": "1", "23": "1", "24": "1", "25": "1", "26": "1", "27": "1", "28": "2", "29": "2", "30": "2", "31": "1", "32": "1", "33": "1", "34": "1", "35": "2", "36": "2", "37": "2", "38": "1", "39": "2", "40": "2", "41": "1", "42": "1", "43": "2", "44": "2", "45": "1", "46": "1", "47": "1", "48": "1", "49": "2", "50": "2", "51": "1", "52": "1", "53": "1", "54": "1", "55": "1", "56": "2", "57": "2", "58": "2", "59": "2", "60": "2", "61": "2", "62": "2", "63": "2", "64": "2", "65": "2", "66": "2", "67": "2", "68": "2", "69": "2", "70": "2", "71": "2", "72": "2", "73": "2"}, "target": 4}