{"edges": [[0, 1], [2, 1], [3, 1], [1, 0], [4, 0], [5, 0], [6, 0], [2, 0], [7, 0], [0, 4], [5, 4], [8, 4], [9, 4], [0, 5], [4, 5], [10, 5], [11, 5], [12, 13], [14, 13], [15, 13], [11, 13], [13, 12], [16, 12], [17, 12], [18, 12], [15, 12], [12, 16], [14, 16], [19, 16], [20, 21], [22, 21], [19, 21], [21, 20], [23, 20], [24, 20], [25, 20], [26, 20], [20, 23], [27, 23], [28, 23], [26, 23], [23, 27], [29, 27], [30, 27], [28, 27], [31, 27], [27, 29], [30, 29], [31, 29], [32, 29], [0, 6], [33, 6], [3, 6], [6, 33], [10, 33], [8, 33], [3, 33], [34, 33], [5, 10], [33, 10], [8, 10], [35, 10], [4, 8], [33, 8], [10, 8], [36, 8], [12, 17], [14, 17], [37, 17], [36, 17], [13, 14], [16, 14], [17, 14], [18, 14], [37, 14], [12, 18], [14, 18], [38, 18], [20, 24], [22, 24], [38, 24], [21, 22], [24, 22], [25, 22], [39, 22], [20, 25], [22, 25], [40, 25], [41, 25], [39, 25], [25, 40], [30, 40], [41, 40], [32, 40], [27, 30], [29, 30], [40, 30], [32, 30], [23, 28], [27, 28], [26, 28], [31, 28], [39, 28], [32, 28], [20, 26], [23, 26], [28, 26], [19, 26], [41, 26], [38, 26], [16, 19], [21, 19], [26, 19], [39, 19], [13, 15], [12, 15], [11, 15], [36, 15], [5, 11], [13, 11], [15, 11], [9, 11], [37, 11], [35, 11], [4, 9], [11, 9], [42, 9], [36, 9], [43, 9], [1, 2], [0, 2], [7, 2], [34, 2], [27, 31], [29, 31], [28, 31], [41, 31], [0, 7], [2, 7], [42, 7], [3, 7], [43, 7], [9, 42], [7, 42], [35, 42], [34, 42], [43, 42], [25, 41], [40, 41], [26, 41], [31, 41], [39, 41], [32, 41], [22, 39], [25, 39], [28, 39], [19, 39], [41, 39], [38, 39], [18, 38], [24, 38], [26, 38], [39, 38], [17, 37], [14, 37], [11, 37], [36, 37], [8, 36], [17, 36], [15, 36], [9, 36], [37, 36], [35, 36], [10, 35], [11, 35], [42, 35], [36, 35], [43, 35], [1, 3], [6, 3], [33, 3], [7, 3], [34, 3], [29, 32], [40, 32], [30, 32], [28, 32], [41, 32], [33, 34], [2, 34], [42, 34], [3, 34], [43, 34], [9, 43], [7, 43], [42, 43], [35, 43], [34, 43]], "labels": {"0": "1", "1": "1", "2": "2", "3": "2", "4": "1", "5": "1", "6": "1", "7": "2", "8": "1", "9": "2", "10": "1", "11": "2", "12": "1", "13": "1", "14": "1", "15": "2", "16": "1", "17": "1", "18": "1", "19": "2", "20": "1", "21": "1", "22": "1", "23": "1", "24": "1", "25": "1", "26": "2", "27": "1", "28": "2", "29": "1", "30": "1", "31": "2", "32": "2", "33": "1", "34": "2", "35": "2", "36": "2", "37": "2", "38": "2", "39": "2", "40": "1", "41": "2", "42": "2", "43": "2"}, "target": 4}