{"edges": [[0, 1], [2, 1], [3, 1], [4, 1], [1, 0], [2, 0], [3, 0], [5, 0], [4, 0], [1, 2], [0, 2], [6, 2], [5, 2], [7, 2], [2, 6], [8, 6], [7, 6], [9, 6], [6, 8], [10, 8], [9, 8], [8, 10], [11, 10], [9, 10], [12, 10], [10, 11], [13, 11], [12, 11], [11, 13], [12, 13], [14, 13], [15, 16], [14, 16], [17, 16], [18, 16], [16, 15], [19, 15], [17, 15], [18, 15], [15, 19], [17, 19], [18, 19], [20, 21], [22, 21], [23, 21], [21, 20], [22, 20], [23, 20], [24, 20], [25, 20], [21, 22], [20, 22], [26, 22], [24, 22], [27, 22], [22, 26], [28, 26], [29, 26], [27, 26], [30, 26], [26, 28], [29, 28], [31, 28], [30, 28], [26, 29], [28, 29], [31, 29], [32, 29], [33, 29], [28, 31], [29, 31], [32, 31], [34, 31], [33, 31], [29, 32], [31, 32], [34, 32], [35, 32], [31, 34], [32, 34], [36, 34], [37, 34], [35, 34], [38, 34], [34, 36], [37, 36], [38, 36], [39, 36], [34, 37], [36, 37], [39, 37], [1, 3], [0, 3], [5, 3], [4, 3], [0, 5], [2, 5], [3, 5], [7, 5], [4, 5], [2, 7], [6, 7], [5, 7], [9, 7], [6, 9], [8, 9], [10, 9], [7, 9], [10, 12], [11, 12], [13, 12], [14, 12], [13, 14], [16, 14], [12, 14], [17, 14], [16, 17], [15, 17], [19, 17], [14, 17], [18, 17], [16, 18], [15, 18], [19, 18], [17, 18], [1, 4], [0, 4], [3, 4], [5, 4], [21, 23], [20, 23], [24, 23], [25, 23], [20, 24], [22, 24], [23, 24], [27, 24], [25, 24], [22, 27], [26, 27], [24, 27], [30, 27], [26, 30], [28, 30], [27, 30], [33, 30], [29, 33], [31, 33], [30, 33], [35, 33], [38, 33], [32, 35], [34, 35], [33, 35], [38, 35], [39, 35], [34, 38], [36, 38], [33, 38], [35, 38], [39, 38], [36, 39], [37, 39], [35, 39], [38, 39], [20, 25], [23, 25], [24, 25]], "labels": {"0": "1", "1": "1", "2": "1", "3": "2", "4": "2", "5": "2", "6": "1", "7": "2", "8": "1", "9": "2", "10": "1", "11": "1", "12": "2", "13": "1", "14": "2", "15": "1", "16": "1", "17": "2", "18": "2", "19": "1", "20": "1", "21": "1", "22": "1", "23": "2", "24": "2", "25": "2", "26": "1", "27": "2", "28": "1", "29": "1", "30": "2", "31": "1", "32": "1", "33": "2", "34": "1", "35": "2", "36": "1", "37": "1", "38": "2", "39": "2"}, "target": 4}