{"edges": [[0, 1], [2, 1], [1, 0], [3, 0], [2, 0], [4, 0], [5, 0], [6, 0], [7, 8], [2, 8], [9, 8], [5, 8], [8, 7], [4, 7], [10, 7], [11, 12], [9, 12], [13, 12], [10, 12], [12, 11], [14, 11], [15, 11], [16, 11], [13, 11], [17, 18], [19, 18], [20, 18], [16, 18], [21, 22], [23, 22], [24, 22], [20, 22], [22, 21], [19, 21], [25, 21], [24, 21], [26, 27], [28, 27], [25, 27], [27, 26], [29, 26], [28, 26], [0, 3], [2, 3], [30, 3], [1, 2], [0, 2], [8, 2], [3, 2], [31, 2], [32, 2], [0, 4], [7, 4], [9, 4], [31, 4], [8, 9], [12, 9], [4, 9], [33, 9], [11, 14], [15, 14], [10, 14], [34, 14], [33, 14], [11, 15], [14, 15], [13, 15], [35, 15], [34, 15], [18, 17], [36, 17], [20, 17], [16, 17], [37, 17], [35, 17], [17, 36], [20, 36], [37, 36], [18, 19], [21, 19], [23, 19], [38, 19], [37, 19], [22, 23], [19, 23], [39, 23], [38, 23], [26, 29], [28, 29], [39, 29], [27, 28], [26, 28], [29, 28], [5, 40], [41, 40], [6, 40], [31, 40], [42, 40], [32, 40], [21, 25], [27, 25], [24, 25], [38, 25], [22, 24], [21, 24], [25, 24], [39, 24], [18, 20], [22, 20], [17, 20], [36, 20], [11, 16], [18, 16], [17, 16], [13, 16], [12, 13], [11, 13], [15, 13], [16, 13], [10, 13], [35, 13], [33, 13], [7, 10], [12, 10], [14, 10], [13, 10], [34, 10], [0, 5], [8, 5], [40, 5], [40, 41], [6, 41], [30, 41], [32, 41], [0, 6], [40, 6], [41, 6], [30, 6], [32, 6], [3, 30], [41, 30], [6, 30], [42, 30], [23, 39], [29, 39], [24, 39], [38, 39], [19, 38], [23, 38], [25, 38], [39, 38], [17, 37], [36, 37], [19, 37], [15, 35], [17, 35], [13, 35], [14, 34], [15, 34], [10, 34], [33, 34], [9, 33], [14, 33], [13, 33], [34, 33], [2, 31], [4, 31], [40, 31], [40, 42], [30, 42], [32, 42], [2, 32], [40, 32], [41, 32], [6, 32], [42, 32]], "labels": {"0": "1", "1": "1", "2": "1", "3": "1", "4": "1", "5": "2", "6": "2", "7": "1", "8": "1", "9": "1", "10": "2", "11": "1", "12": "1", "13": "2", "14": "1", "15": "1", "16": "2", "17": "1", "18": "1", "19": "1", "20": "2", "21": "1", "22": "1", "23": "1", "24": "2", "25": "2", "26": "1", "27": "1", "28": "1", "29": "1", "30": "2", "31": "2", "32": "2", "33": "2", "34": "2", "35": "2", "36": "1", "37": "2", "38": "2", "39": "2", "40": "2", "41": "2", "42": "2"}, "target": 4}