{"edges": [[0, 1], [2, 1], [1, 0], [3, 0], [4, 0], [5, 0], [6, 0], [0, 3], [4, 3], [6, 3], [7, 3], [0, 4], [3, 4], [8, 4], [9, 4], [9, 10], [11, 10], [12, 10], [11, 13], [14, 13], [15, 13], [16, 17], [18, 17], [14, 17], [19, 17], [20, 17], [21, 17], [17, 16], [22, 16], [14, 16], [19, 16], [20, 16], [16, 22], [23, 22], [19, 22], [24, 22], [25, 26], [27, 26], [28, 26], [24, 26], [26, 25], [29, 25], [23, 25], [30, 25], [25, 29], [31, 29], [32, 29], [30, 29], [29, 31], [32, 31], [29, 32], [31, 32], [33, 32], [32, 33], [34, 33], [35, 33], [33, 34], [36, 34], [35, 34], [8, 37], [2, 37], [7, 37], [38, 37], [4, 8], [37, 8], [39, 8], [5, 8], [7, 8], [8, 39], [5, 39], [6, 39], [7, 39], [0, 5], [8, 5], [39, 5], [12, 5], [9, 40], [12, 40], [15, 40], [11, 41], [14, 41], [15, 41], [20, 41], [17, 18], [27, 18], [19, 18], [20, 18], [21, 18], [26, 27], [18, 27], [21, 27], [42, 27], [22, 23], [25, 23], [28, 23], [42, 23], [26, 28], [23, 28], [43, 28], [44, 28], [28, 43], [45, 43], [46, 43], [44, 43], [43, 45], [46, 45], [43, 46], [45, 46], [36, 46], [34, 36], [46, 36], [35, 36], [33, 35], [34, 35], [36, 35], [1, 2], [37, 2], [47, 2], [38, 2], [0, 6], [3, 6], [39, 6], [47, 6], [4, 9], [10, 9], [40, 9], [10, 11], [13, 11], [41, 11], [13, 14], [17, 14], [16, 14], [41, 14], [17, 19], [16, 19], [22, 19], [18, 19], [24, 19], [22, 24], [26, 24], [19, 24], [30, 24], [21, 24], [44, 24], [25, 30], [29, 30], [24, 30], [42, 30], [2, 47], [6, 47], [48, 47], [38, 47], [47, 48], [38, 48], [3, 7], [37, 7], [8, 7], [39, 7], [10, 12], [5, 12], [40, 12], [13, 15], [40, 15], [41, 15], [17, 20], [16, 20], [41, 20], [18, 20], [17, 21], [18, 21], [27, 21], [24, 21], [27, 42], [23, 42], [30, 42], [44, 42], [28, 44], [43, 44], [24, 44], [42, 44], [37, 38], [2, 38], [47, 38], [48, 38]], "labels": {"0": "1", "1": "1", "2": "2", "3": "1", "4": "1", "5": "1", "6": "2", "7": "2", "8": "1", "9": "2", "10": "1", "11": "2", "12": "2", "13": "1", "14": "2", "15": "2", "16": "1", "17": "1", "18": "1", "19": "2", "20": "2", "21": "2", "22": "1", "23": "1", "24": "2", "25": "1", "26": "1", "27": "1", "28": "1", "29": "1", "30": "2", "31": "1", "32": "1", "33": "1", "34": "1", "35": "1", "36": "1", "37": "1", "38": "2", "39": "1", "40": "1", "41": "1", "42": "2", "43": "1", "44": "2", "45": "1", "46": "1", "47": "2", "48": "2"}, "target": 4}