{"edges": [[0, 1], [2, 1], [3, 1], [1, 0], [2, 0], [4, 0], [5, 0], [6, 0], [7, 0], [1, 2], [0, 2], [8, 2], [3, 2], [9, 2], [6, 2], [2, 8], [10, 8], [5, 8], [11, 8], [12, 8], [8, 10], [13, 10], [9, 10], [14, 10], [12, 10], [10, 13], [15, 13], [16, 13], [17, 13], [14, 13], [13, 15], [16, 15], [18, 15], [17, 15], [13, 16], [15, 16], [18, 16], [19, 16], [15, 18], [16, 18], [20, 18], [19, 18], [21, 18], [18, 20], [22, 20], [23, 20], [24, 20], [21, 20], [20, 22], [25, 22], [26, 22], [27, 22], [24, 22], [22, 25], [28, 25], [29, 25], [30, 25], [31, 25], [25, 28], [29, 28], [27, 28], [25, 29], [28, 29], [27, 29], [0, 4], [3, 4], [5, 4], [32, 4], [1, 3], [2, 3], [4, 3], [5, 3], [33, 3], [32, 3], [0, 5], [8, 5], [4, 5], [3, 5], [9, 5], [33, 5], [2, 9], [10, 9], [5, 9], [11, 9], [34, 9], [8, 11], [9, 11], [35, 11], [36, 11], [34, 11], [11, 35], [37, 35], [38, 35], [39, 35], [36, 35], [35, 37], [38, 37], [40, 37], [39, 37], [35, 38], [37, 38], [40, 38], [41, 38], [37, 40], [38, 40], [26, 40], [41, 40], [42, 40], [22, 26], [40, 26], [23, 26], [43, 26], [42, 26], [20, 23], [26, 23], [27, 23], [43, 23], [22, 27], [28, 27], [29, 27], [23, 27], [30, 27], [31, 27], [25, 30], [27, 30], [31, 30], [25, 31], [27, 31], [30, 31], [16, 19], [18, 19], [17, 19], [21, 19], [39, 19], [42, 19], [13, 17], [15, 17], [19, 17], [41, 17], [10, 14], [13, 14], [12, 14], [34, 14], [8, 12], [10, 12], [14, 12], [36, 12], [0, 6], [2, 6], [7, 6], [32, 6], [0, 7], [6, 7], [33, 7], [20, 24], [22, 24], [21, 24], [42, 24], [18, 21], [20, 21], [19, 21], [24, 21], [41, 21], [43, 21], [42, 21], [38, 41], [40, 41], [17, 41], [21, 41], [39, 41], [42, 41], [35, 39], [37, 39], [19, 39], [41, 39], [11, 36], [35, 36], [12, 36], [34, 36], [9, 34], [11, 34], [14, 34], [36, 34], [3, 33], [5, 33], [7, 33], [32, 33], [4, 32], [3, 32], [6, 32], [33, 32], [26, 43], [23, 43], [21, 43], [42, 43], [40, 42], [26, 42], [19, 42], [24, 42], [21, 42], [41, 42], [43, 42]], "labels": {"0": "1", "1": "1", "2": "1", "3": "1", "4": "1", "5": "1", "6": "2", "7": "2", "8": "1", "9": "1", "10": "1", "11": "1", "12": "2", "13": "1", "14": "2", "15": "1", "16": "1", "17": "2", "18": "1", "19": "2", "20": "1", "21": "2", "22": "1", "23": "1", "24": "2", "25": "1", "26": "1", "27": "1", "28": "1", "29": "1", "30": "1", "31": "1", "32": "2", "33": "2", "34": "2", "35": "1", "36": "2", "37": "1", "38": "1", "39": "2", "40": "1", "41": "2", "42": "2", "43": "2"}, "target": 4}