{"edges": [[0, 1], [2, 1], [3, 1], [1, 0], [2, 0], [3, 0], [4, 5], [6, 5], [7, 5], [5, 4], [8, 4], [9, 4], [10, 4], [11, 12], [13, 12], [8, 12], [12, 11], [13, 11], [14, 11], [12, 13], [11, 13], [14, 13], [15, 16], [17, 16], [18, 16], [19, 20], [21, 20], [22, 20], [23, 20], [24, 20], [25, 26], [2, 26], [27, 26], [28, 26], [20, 19], [23, 19], [24, 19], [16, 15], [21, 15], [29, 15], [20, 21], [15, 21], [22, 21], [29, 21], [4, 8], [12, 8], [9, 8], [10, 8], [5, 6], [7, 6], [30, 6], [31, 6], [32, 33], [34, 33], [35, 33], [36, 33], [37, 38], [39, 38], [40, 38], [38, 37], [39, 37], [40, 37], [25, 37], [41, 37], [16, 17], [18, 17], [14, 17], [20, 22], [21, 22], [29, 22], [23, 22], [4, 9], [8, 9], [10, 9], [5, 7], [6, 7], [30, 7], [31, 7], [33, 32], [34, 32], [35, 32], [38, 39], [37, 39], [40, 39], [34, 39], [38, 40], [37, 40], [39, 40], [25, 40], [41, 40], [16, 18], [17, 18], [14, 18], [26, 25], [37, 25], [40, 25], [28, 25], [41, 25], [33, 34], [32, 34], [39, 34], [35, 34], [1, 2], [0, 2], [26, 2], [3, 2], [27, 2], [28, 2], [6, 30], [7, 30], [36, 30], [31, 30], [1, 3], [0, 3], [2, 3], [26, 27], [2, 27], [28, 27], [26, 28], [25, 28], [2, 28], [27, 28], [37, 41], [40, 41], [25, 41], [33, 35], [32, 35], [34, 35], [33, 36], [30, 36], [31, 36], [6, 31], [7, 31], [30, 31], [36, 31], [4, 10], [8, 10], [9, 10], [11, 14], [13, 14], [17, 14], [18, 14], [15, 29], [21, 29], [22, 29], [20, 23], [19, 23], [22, 23], [24, 23], [20, 24], [19, 24], [23, 24]], "labels": {"0": "1", "1": "1", "2": "2", "3": "3", "4": "1", "5": "1", "6": "2", "7": "2", "8": "2", "9": "2", "10": "3", "11": "1", "12": "1", "13": "1", "14": "3", "15": "2", "16": "1", "17": "2", "18": "2", "19": "2", "20": "1", "21": "2", "22": "2", "23": "3", "24": "3", "25": "2", "26": "2", "27": "3", "28": "3", "29": "3", "30": "2", "31": "3", "32": "2", "33": "2", "34": "2", "35": "3", "36": "3", "37": "2", "38": "2", "39": "2", "40": "2", "41": "3"}, "target": 4}