{"edges": [[0, 1], [2, 1], [3, 1], [1, 0], [2, 0], [3, 0], [1, 2], [0, 2], [3, 2], [4, 2], [5, 6], [7, 6], [8, 6], [9, 10], [11, 10], [12, 10], [13, 14], [15, 14], [16, 14], [14, 13], [15, 13], [17, 13], [14, 15], [13, 15], [18, 15], [19, 15], [17, 15], [20, 21], [18, 21], [22, 21], [19, 21], [23, 24], [25, 24], [26, 24], [27, 24], [1, 3], [0, 3], [2, 3], [4, 3], [8, 3], [28, 3], [29, 30], [27, 30], [31, 30], [21, 20], [22, 20], [32, 20], [24, 23], [25, 23], [32, 23], [14, 16], [33, 16], [11, 16], [12, 16], [34, 35], [36, 35], [9, 35], [37, 38], [39, 38], [40, 38], [5, 41], [42, 41], [7, 41], [6, 5], [41, 5], [42, 5], [7, 5], [8, 5], [15, 18], [21, 18], [19, 18], [17, 18], [2, 4], [3, 4], [8, 4], [28, 4], [30, 29], [27, 29], [31, 29], [21, 22], [20, 22], [32, 22], [24, 25], [23, 25], [26, 25], [27, 25], [16, 33], [11, 33], [12, 33], [35, 34], [36, 34], [9, 34], [37, 43], [39, 43], [40, 43], [36, 43], [41, 42], [5, 42], [7, 42], [37, 42], [6, 7], [41, 7], [5, 7], [42, 7], [8, 7], [15, 19], [21, 19], [18, 19], [17, 19], [6, 8], [3, 8], [5, 8], [4, 8], [7, 8], [28, 8], [38, 37], [43, 37], [42, 37], [40, 37], [38, 39], [43, 39], [40, 39], [3, 28], [4, 28], [8, 28], [38, 40], [43, 40], [37, 40], [39, 40], [35, 36], [34, 36], [43, 36], [9, 36], [10, 9], [35, 9], [34, 9], [36, 9], [10, 11], [16, 11], [33, 11], [12, 11], [10, 12], [16, 12], [33, 12], [11, 12], [13, 17], [15, 17], [18, 17], [19, 17], [20, 32], [23, 32], [22, 32], [24, 26], [25, 26], [27, 26], [24, 27], [30, 27], [29, 27], [25, 27], [26, 27], [31, 27], [30, 31], [29, 31], [27, 31]], "labels": {"0": "1", "1": "1", "2": "1", "3": "2", "4": "2", "5": "2", "6": "1", "7": "2", "8": "2", "9": "3", "10": "1", "11": "3", "12": "3", "13": "1", "14": "1", "15": "1", "16": "2", "17": "3", "18": "2", "19": "2", "20": "2", "21": "1", "22": "2", "23": "2", "24": "1", "25": "2", "26": "3", "27": "3", "28": "3", "29": "2", "30": "2", "31": "3", "32": "3", "33": "2", "34": "2", "35": "2", "36": "3", "37": "2", "38": "2", "39": "2", "40": "3", "41": "2", "42": "2", "43": "2"}, "target": 4}