{"edges": [[0, 1], [2, 1], [1, 0], [3, 0], [4, 0], [5, 0], [6, 0], [0, 3], [7, 3], [8, 3], [9, 3], [10, 3], [11, 3], [3, 7], [12, 7], [4, 7], [13, 7], [10, 7], [14, 7], [7, 12], [9, 12], [13, 12], [15, 12], [16, 12], [1, 2], [17, 2], [18, 2], [19, 2], [2, 17], [8, 17], [20, 17], [21, 17], [3, 8], [17, 8], [4, 8], [22, 8], [23, 8], [0, 4], [7, 4], [8, 4], [9, 4], [24, 4], [25, 4], [3, 9], [12, 9], [4, 9], [13, 9], [24, 9], [26, 9], [7, 13], [12, 13], [9, 13], [27, 13], [28, 13], [2, 18], [29, 18], [21, 18], [12, 15], [16, 15], [27, 15], [28, 15], [18, 29], [30, 29], [19, 29], [20, 29], [31, 32], [33, 32], [34, 32], [35, 32], [3, 10], [7, 10], [14, 10], [26, 10], [29, 30], [31, 30], [36, 30], [32, 31], [30, 31], [20, 31], [32, 33], [5, 33], [35, 33], [0, 5], [33, 5], [6, 5], [23, 5], [0, 6], [5, 6], [11, 6], [22, 6], [25, 6], [14, 37], [16, 37], [26, 37], [28, 37], [7, 14], [10, 14], [37, 14], [24, 14], [38, 14], [3, 11], [6, 11], [23, 11], [12, 16], [15, 16], [37, 16], [27, 16], [38, 16], [28, 16], [2, 19], [29, 19], [21, 19], [13, 27], [15, 27], [16, 27], [28, 27], [4, 24], [9, 24], [14, 24], [26, 24], [17, 20], [29, 20], [31, 20], [36, 20], [30, 36], [20, 36], [35, 36], [32, 34], [22, 34], [35, 34], [8, 22], [6, 22], [34, 22], [23, 22], [8, 23], [5, 23], [11, 23], [22, 23], [25, 23], [14, 38], [16, 38], [26, 38], [28, 38], [9, 26], [10, 26], [37, 26], [24, 26], [38, 26], [4, 25], [6, 25], [23, 25], [13, 28], [15, 28], [37, 28], [16, 28], [27, 28], [38, 28], [17, 21], [18, 21], [19, 21], [32, 35], [33, 35], [36, 35], [34, 35]], "labels": {"0": "1", "1": "1", "2": "1", "3": "1", "4": "1", "5": "2", "6": "2", "7": "1", "8": "1", "9": "1", "10": "2", "11": "2", "12": "1", "13": "1", "14": "2", "15": "2", "16": "2", "17": "1", "18": "2", "19": "2", "20": "2", "21": "2", "22": "2", "23": "2", "24": "2", "25": "2", "26": "2", "27": "2", "28": "2", "29": "2", "30": "2", "31": "2", "32": "2", "33": "2", "34": "2", "35": "2", "36": "2", "37": "2", "38": "2"}, "target": 4}